District,Crop,Season,Area (hectares),Yield (quintals),Production (metric tons),Average_Price,Price_Volatility,Price_Trend,Cost_of_Cultivation,Disease_Risk,Disease_Count,Weather_Risk,Yield_Score,Price_Level_Score,Price_Trend_Score,Price_Score,Price_Stability_Score,Cost_Score,Disease_Score,Weather_Score,Risk_Adjusted_Score,Data_Coverage,Rank
Jodhpur,Wheat,Kharif,16490.142459033697,30.69198608958731,5061.152229679753,2618.2501495852725,309.97669689325267,25.493473045584977,74052.11,40.666666666666664,3.0,,25.946268498688863,77.5514113746072,53.084000621902305,67.76444707352525,47.71406073427814,76.34356921253551,100.0,50,56.14810103139931,100.0,14.0
Kota,Gram,Rabi,16943.06561430208,45.81823176835924,7763.013071826106,2436.3381567497795,323.30472331074475,-263.3059087038084,46863.89,,,,63.61473417921258,29.58250391224372,10.236853336240564,21.844243681842457,42.78284853811476,93.81821196798955,,50,53.62521261898586,83.33333333333334,17.0
Jaipur,Wheat,Rabi,14297.539875829993,29.752628902482016,4253.893981440086,2503.988940727061,297.6413670220433,-33.230135454014736,74052.11,40.666666666666664,3.0,9.014809614544701,23.607013622385555,47.42153775371899,44.37158895645326,46.201558234812694,52.277986945046564,76.34356921253551,100.0,50,51.93529847619624,100.0,21.0
Hanumangarh,Coriander,Rabi,19737.63844652217,42.02651077850936,8295.040749150847,2553.2448768416994,256.60488801339017,4.444493545754708,,,,,54.17231766625552,60.40998015724901,49.96111054028599,56.230432310463804,67.46099900071675,,,50,56.54442097168555,66.66666666666666,14.0
Hanumangarh,Citrus,Rabi,13591.576842195143,38.19593346538869,5191.429647542034,2571.402333724482,212.84995453571568,-33.963846166040575,,,,,44.63313834045777,65.19797327076363,44.26273342237002,56.82387733140618,83.64980706942299,,,50,56.760708149078845,66.66666666666666,12.0
Sri Ganganagar,Wheat,Rabi,13609.746921562612,40.476299769816144,5508.721961885008,2534.583143620669,359.8771878092114,30.532576180596187,74052.11,40.666666666666664,3.0,,50.31187063804941,55.489012935607654,53.83161716077988,54.82605462567655,29.251469072817542,76.34356921253551,100.0,50,56.882434327450625,100.0,16.0
Udaipur,Cotton,Rabi,15725.886814698102,24.569754522436728,3863.811786847568,2499.17219893514,267.3479686992934,83.66972057610141,91569.22,46.875,2.0,,10.700246810764392,46.15139696923693,61.71520416315569,52.376919846804434,63.48618616322375,65.08482408843429,62.65664160401001,50,46.201761370201694,100.0,35.0
Udaipur,Gram,Rabi,9825.2465024609,32.558392734914605,3198.9423434446817,2603.7957709132465,322.89173511630725,155.1937871808549,46863.89,,,,30.59412865899802,73.73989382627603,72.32673039884088,73.17462845530197,42.935649287264596,93.81821196798955,,50,55.885041160108905,83.33333333333334,14.0
Udaipur,Guava,Kharif,11961.506638996729,46.59791993069445,5573.813286144397,2627.1128861523953,168.65883181758016,122.41373154589571,,,,,65.55636975806952,79.88845239991265,67.46338248128173,74.91842443246028,100.0,,,50,71.83036976801259,66.66666666666666,1.0
Bhilwara,Garlic,Rabi,12275.927773436368,42.36129735790658,5200.24226754722,2574.8737705489516,323.56940331748535,-332.3045959409121,,,,,55.00602730208551,66.11336663872594,0.0,39.66801998323556,42.68492006495336,,,50,47.45046510921532,66.66666666666666,32.0
Alwar,Mustard,Kharif,19396.94630676466,44.70252606335524,8670.924978276493,2524.2067437682936,292.23551729868035,234.210612756137,,,,,60.836323531189876,52.752829594681906,84.04990495330533,65.27165973813128,54.278087428902744,,,50,58.54016792634551,66.66666666666666,8.0
Nagaur,Guava,Rabi,15202.584614063771,36.5428318255787,5555.454928658627,2500.4551225324476,277.585217086817,134.05041510232655,,,,,40.5164656572295,46.48969485911924,69.18983594956404,55.569751295297166,59.69852529563602,,,50,50.26379395694962,66.66666666666666,29.0
Jaipur,Fenugreek,Rabi,13366.851826424452,44.81839184994944,5990.808029569034,2534.2380211195027,248.1915778163013,35.142963296269144,,,,9.014809614544701,61.12486085225134,55.39800657003726,54.51562809803519,55.045055181236435,70.57382430240887,,,50,59.168399859561944,66.66666666666666,10.0
Jodhpur,Maize,Rabi,11547.019267733092,35.79943234551442,4133.767350675623,2520.3558881303966,305.29888583810265,-153.18910357623318,63029.7,46.25,2.0,,38.66519876679287,51.73738616587923,26.574114653586296,41.67207756096205,49.444795518554194,83.42798581112653,66.41604010025061,50,52.073236413367795,100.0,15.0
Bhilwara,Fennel,Kharif,13198.083930243583,28.218505095622184,3724.301986380279,2497.525620636629,198.78146915174207,13.04575819291319,,,,,19.786628102039728,45.71720590354815,51.237220104466275,47.9252115839154,88.85498032867972,,,50,47.14659518879329,66.66666666666666,36.0
Udaipur,Bajra,Kharif,13194.88016331181,50.42611943789738,6653.666030839041,2561.248476217832,284.2897288141333,94.36005013005138,37245.85,,,,75.08962770043152,62.52047277433954,63.301253697457774,62.83278514358683,57.217935224500515,100.0,,50,69.35739359722258,83.33333333333334,2.0
Jodhpur,Coriander,Rabi,14959.5083257862,34.296805639539244,5130.633495125584,2532.678328525161,334.92938127967636,58.81137928647677,,,,,34.9232495940316,54.98672665076675,58.027145677497124,56.202894261458894,38.48186252885909,,,50,44.324894173504724,66.66666666666666,34.0
Ajmer,Oilseeds,Kharif,17467.634736309567,30.276137502721703,5288.525111238265,2447.799582163897,314.04850300284903,-88.91766259816136,,,,,24.910692417531813,32.60480082904881,36.10961947761954,34.006728288477106,46.20754061501262,,,50,36.61353313910703,66.66666666666666,51.0
Hanumangarh,Maize,Kharif,15626.590785014268,37.04284337791913,5788.533549801177,2487.8483664724167,256.40323019502836,-81.69245905284988,63029.7,46.25,2.0,,41.761630412528504,43.165382341741214,37.18157246657533,40.77185839167486,67.53561000929432,83.42798581112653,66.41604010025061,50,55.380922664555285,100.0,14.0
Jaipur,Maize,Rabi,11015.441853304708,46.01450388713084,5068.700919773532,2454.2802540871708,247.47241633051053,-11.506915552902583,63029.7,46.25,2.0,9.014809614544701,64.10350513580015,34.313708234964515,47.59451137749035,39.62602949197485,70.83990554944843,83.42798581112653,66.41604010025061,50,61.23286989645632,100.0,5.0
Alwar,Cotton,Rabi,17215.39973998623,30.793381210797985,5301.2036688966855,2557.4958318309104,242.7009518956899,95.62610013976284,91569.22,46.875,2.0,,26.19876992730555,61.53092695864293,63.48908869526325,62.31419165329106,72.6052909769313,65.08482408843429,62.65664160401001,50,53.43171223269044,100.0,16.0
Nagaur,Opium,Kharif,14653.05515283528,29.40284776689259,4308.415499786967,2465.8775426422094,250.29402899518487,196.17957629610825,,,,,22.735963463512654,37.371831302276846,78.4075056837555,53.78610105486831,69.79594222366823,,,50,45.88080321386942,66.66666666666666,41.0
Bhilwara,Pomegranate,Kharif,10564.434028897718,26.515066022755143,2801.166657692642,2536.6277299521826,268.4667055561834,-58.06310506115809,,,,,15.54460152004355,56.02815590802223,40.687294690127786,49.89181142086446,63.07226675308865,,,50,41.10047023619611,66.66666666666666,43.0
Kota,Maize,Kharif,13618.083687120636,48.29236311582901,6576.494423601774,2523.370542458299,279.19989724667636,104.15186373847227,63029.7,46.25,2.0,,69.77599413296733,52.532329216263705,64.75399669618699,57.42099620823302,59.101112726979075,83.42798581112653,66.41604010025061,50,64.44916656562934,100.0,2.0
Alwar,Cumin,Kharif,16030.854868705384,28.046775038519435,4496.13780177734,2462.5931128552493,261.74395310097293,-32.59430841460316,,,,,19.35897355380192,36.50575036906538,44.46592217365354,39.68981909090064,65.55960567788343,,,50,40.14886407775083,66.66666666666666,36.0
Kota,Chilli,Kharif,15972.251908184386,26.22251059392608,4188.32544871221,2591.242070173165,191.57260944672294,95.95772471791432,,,,,14.816058934888797,70.4295716219794,63.53828951784648,67.67305878032623,91.5221731886193,,,50,51.28926995744045,66.66666666666666,18.0
Jaipur,Gram,Rabi,12969.233999082124,43.17482643027152,5599.444268439468,2570.7351489167622,394.21035954148107,228.37370378185764,46863.89,,,9.014809614544701,57.0319359507526,65.0220413500422,83.18392353395808,72.28679422360855,16.548601455678053,93.81821196798955,,50,58.63373871773334,83.33333333333334,12.0
Alwar,Coriander,Rabi,18092.99856748785,37.843198459273616,6846.969355127961,2460.2661253266865,357.49294060823,2.163949460238926,,,,,43.754732240601015,35.8921401959052,49.62276214171382,41.38438897422864,30.133612348037758,,,50,41.64747027626887,66.66666666666666,41.0
Nagaur,Tomato,Kharif,12482.347430332084,47.75325487001329,5960.727182167035,2447.7009755664544,398.67573607729423,32.876150679443946,,56.666666666666664,4.0,,68.43346797764406,32.57879896587217,54.1793169415716,41.21900615615194,14.89646493192653,,3.759398496240607,50,41.720679782416994,83.33333333333334,52.0
Jaipur,Fenugreek,Rabi,15993.790294210692,46.14422011500192,7380.209798092394,2534.2380211195027,248.1915778163013,35.142963296269144,,,,9.014809614544701,64.42653382259624,55.39800657003726,54.51562809803519,55.045055181236435,70.57382430240887,,,50,60.26895751634357,66.66666666666666,7.0
Hanumangarh,Cotton,Kharif,13562.47728646413,27.27288024225128,3698.8781882198937,2447.1388047829505,318.03204408467894,163.67429764067967,91569.22,46.875,2.0,,17.43176503209492,32.430558501504706,73.58492450759772,48.89230490394191,44.733677512456296,65.08482408843429,62.65664160401001,50,44.374841639346705,100.0,35.0
Alwar,Oilseeds,Kharif,11680.995077981916,22.08091117079624,2579.270147034268,2423.446061721447,252.31632608328425,126.79551962368693,,,,,4.50234996534698,26.182949524593656,68.11347777582981,42.955160825088115,69.04771621084961,,,50,36.76503611730908,66.66666666666666,38.0
Sri Ganganagar,Chilli,Rabi,17437.577467182593,42.80398745871082,7463.978472155822,2517.1989278254327,302.037566426736,68.93737802738141,,,,,56.10844605313452,50.904918034610326,59.52946939037287,54.35473857691534,50.651445141922935,,,50,53.32770133327352,66.66666666666666,20.0
Jodhpur,Fennel,Kharif,14783.969635258998,50.66217314913776,7489.880294930864,2474.2233424916312,285.57610170330025,162.74239573087576,,,,,75.67746564181158,39.57255976682815,73.44666472967407,53.122201751966514,56.74199246439698,,,50,60.74014084067432,66.66666666666666,7.0
Hanumangarh,Coriander,Rabi,16084.908075142905,26.96168324867614,4336.761966060761,2553.2448768416994,256.60488801339017,4.444493545754708,,,,,16.65679988070787,60.40998015724901,49.96111054028599,56.230432310463804,67.46099900071675,,,50,44.03924837650299,66.66666666666666,39.0
Kota,Garlic,Rabi,16084.186816525242,46.12170270813714,7418.30082653916,2401.2217066690127,353.46058510715034,61.81235784926508,,,,,64.3704593553614,20.322544092803255,58.47237990792385,35.582478418851494,31.62553620857976,,,50,47.270587938530156,66.66666666666666,28.0
Bhilwara,Wheat,Rabi,14892.521882670146,55.77334518506045,8306.057636382284,2517.4305519048835,281.46485919555346,-33.28082078288222,74052.11,40.666666666666664,3.0,,88.4056741154186,50.96599566814092,44.36406912819721,48.32522505216343,58.263103584718515,76.34356921253551,100.0,50,69.45746445887545,100.0,3.0
Sri Ganganagar,Maize,Rabi,7140.764687730767,33.57147848478196,2397.2602807904423,2523.743736224537,215.29733947567934,98.90388588126542,63029.7,46.25,2.0,,33.116987708805844,52.63073777613464,63.97539087356525,57.168599015106885,82.74430357726183,83.42798581112653,66.41604010025061,50,58.78041414850615,100.0,12.0
Nagaur,Mustard,Rabi,15261.141204714511,42.00305711815018,6410.145857097789,2485.796091347403,249.47450176130917,-13.083311199125362,,,,,54.11391167318334,42.62421188879522,47.36063256505994,44.51878015930111,70.09915761086705,,,50,53.92947678904815,66.66666666666666,20.0
Jodhpur,Garlic,Rabi,15275.282329606507,22.602897116642307,3452.656349237601,2479.202661347749,300.92990910451834,191.59580782646654,,,,,5.802236936931232,40.88557097467482,77.72744396910632,55.62232017244742,51.061265255223496,,,50,36.97895074267442,66.66666666666666,43.0
Bhilwara,Garlic,Rabi,14340.984336487463,32.75583478817339,4697.509136257658,2574.8737705489516,323.56940331748535,-332.3045959409121,,,,,31.085813070650026,66.11336663872594,0.0,39.66801998323556,42.68492006495336,,,50,39.477060365403496,66.66666666666666,42.0
Nagaur,Citrus,Rabi,19433.68213422455,45.72359128243136,8885.777390179717,2386.835587168326,274.4543611575065,-26.518223732402717,,,,,63.37905362953293,16.529026005763225,45.36738842237394,28.06437097240751,60.85690497312404,,,50,50.781564463777784,66.66666666666666,26.0
Ajmer,Opium,Kharif,12574.519191320436,33.21992189882513,4177.245454509426,2516.613879785925,343.3248243876888,-184.09369600434687,,,,,32.241516195642355,50.750644999442315,21.989016113729345,39.245993445157126,35.375647838881235,,,50,38.28789988503227,66.66666666666666,48.0
Udaipur,Tomato,Kharif,17746.206353106223,28.946433330018777,5136.89379060945,2505.4748374565497,311.62363600301023,251.41215324676295,,56.666666666666664,4.0,,21.59936738299252,47.81335822473061,86.6019773797681,63.328805886745606,47.10471273555898,,3.759398496240607,50,38.832058568300184,83.33333333333334,45.0
Ajmer,Mustard,Kharif,13410.719388698884,26.836015584563015,3598.902745153247,2559.9376341465254,337.6065445302241,93.49794357769974,,,,,16.343853218771777,62.1748129800832,63.17334896926622,62.57422737575641,37.491343778468924,,,50,39.632680462152756,66.66666666666666,45.0
Hanumangarh,Maize,Rabi,15291.23264804412,27.618796876361163,4223.254484955128,2487.8483664724167,256.40323019502836,-81.69245905284988,63029.7,46.25,2.0,,18.29319153124116,43.165382341741214,37.18157246657533,40.77185839167486,67.53561000929432,83.42798581112653,66.41604010025061,50,49.51381294423345,100.0,26.0
Jaipur,Maize,Rabi,12893.840718367945,46.07466529607336,5940.793954796851,2454.2802540871708,247.47241633051053,-11.506915552902583,63029.7,46.25,2.0,9.014809614544701,64.25332340638553,34.313708234964515,47.59451137749035,39.62602949197485,70.83990554944843,83.42798581112653,66.41604010025061,50,61.27032446410266,100.0,4.0
Udaipur,Mustard,Rabi,13823.675540603526,27.28425513246576,3771.6869031825313,2389.0634142342865,358.55290737834696,174.53150876857504,,,,,17.460091602399487,17.116488265416674,75.19573309551963,40.348186197457856,29.741437175165302,,,50,32.527834288488314,66.66666666666666,56.0
Bhilwara,Bajra,Rabi,15888.360831193728,44.208539829894185,7024.012326375586,2560.8717200636356,236.42500243619514,141.9375313439237,37245.85,,,,59.606163458628515,62.421124837929085,70.35999230244744,65.59667182373643,74.92731807589837,100.0,,50,68.6221921564324,83.33333333333334,6.0
Nagaur,Cumin,Kharif,15015.340369927382,30.345953160176048,4556.548155499168,2561.3516865774504,264.64972231186954,-113.19591514427711,,,,,25.084552392612935,62.54768861708045,32.50762470747631,50.531663053238795,64.48450542499049,,,50,44.733528696732755,66.66666666666666,43.0
Bhilwara,Citrus,Rabi,10753.887773848755,26.20733734260759,2818.307646337977,2521.2294029530503,280.30322522981425,-68.6014904709033,,,,,14.778273412381079,51.967725853998495,39.12378804731839,46.830150731326455,58.692894417951926,,,50,39.152710216071135,66.66666666666666,43.0
Alwar,Guava,Kharif,13971.856450419691,32.44731869968946,4533.4927907307965,2449.5066072578297,393.12308276116,-215.55321920132823,,,,,30.317524102075655,33.05493128768682,17.321586371350463,26.761593321152276,16.950881009437623,,,50,30.632442454886682,66.66666666666666,47.0
Jaipur,Fenugreek,Rabi,14516.142865001972,27.58667050119828,4004.5205016512978,2534.2380211195027,248.1915778163013,35.142963296269144,,,,9.014809614544701,18.213188119557785,55.39800657003726,54.51562809803519,55.045055181236435,70.57382430240887,,,50,44.86450894866408,66.66666666666666,29.0
Udaipur,Gram,Rabi,20000.0,30.30981477500791,6061.962955001583,2603.7957709132465,322.89173511630725,155.1937871808549,46863.89,,,,24.994557984855437,73.73989382627603,72.32673039884088,73.17462845530197,42.935649287264596,93.81821196798955,,50,54.32960486173597,83.33333333333334,16.0
Hanumangarh,Tomato,Rabi,15772.651172168293,35.28240779388867,5564.97110647198,2493.535664595839,339.36386319881217,340.1557451237091,,56.666666666666664,4.0,,37.377667016185754,44.66508268112473,99.76824431835081,66.70634733601517,36.84115664800871,,3.759398496240607,50,42.4562347859704,83.33333333333334,42.0
Sri Ganganagar,Tomato,Rabi,9243.686354102876,46.73789913397067,4320.3048044412135,2520.6183459732238,436.5769868409875,-83.09210130213346,,56.666666666666664,4.0,,65.90495604488339,51.80659444499875,36.97391732119718,45.87352359547812,0.873450258840407,,3.759398496240607,50,39.597530727960695,83.33333333333334,38.0
Jodhpur,Tomato,Rabi,15180.69062982308,32.734341778550174,4969.299155110628,2433.7833337732764,237.13365709591483,191.7071691895963,,56.666666666666664,4.0,,31.032289631155756,28.908815140918865,77.7439658768024,48.442875435272285,74.66512423028207,,3.759398496240607,50,42.967477622364434,83.33333333333334,37.0
Hanumangarh,Wheat,Rabi,14422.917105656632,49.61140168541649,7155.4113400419565,2391.2379693776215,367.04899655023235,310.2874179878692,74052.11,40.666666666666664,3.0,,73.06075891498605,17.68990309539315,95.33688922259725,48.74869754627479,26.59798463150082,76.34356921253551,100.0,50,60.95616231460692,100.0,7.0
Ajmer,Oilseeds,Kharif,14895.86469088427,32.80043774852141,4885.908825037476,2447.799582163897,314.04850300284903,-88.91766259816136,,,,,31.196886572746923,32.60480082904881,36.10961947761954,34.006728288477106,46.20754061501262,,,50,38.70893119084539,66.66666666666666,46.0
Ajmer,Pomegranate,Rabi,18428.46844354506,31.305250841725783,5769.07827254006,2485.493684389021,361.31989302273314,-44.82758420247788,,,,,27.473464523372133,42.54446931010925,42.6509564826119,42.587064179110314,28.717685201032168,,,50,36.2579089957599,66.66666666666666,38.0
Jaipur,Pomegranate,Kharif,17373.09584112914,43.78307342015787,7606.475307475964,2398.6335675262926,377.4853499041316,-208.32035645843317,,,,9.014809614544701,58.54663638272891,19.640070083796413,18.39467570195964,19.141912331061704,22.73665728038783,,,50,39.16738687193699,66.66666666666666,37.0
Bhilwara,Sugarcane,Kharif,19208.382932808297,36.468866083888464,7005.079448646346,2626.7664802046993,346.505037229815,106.38506022855107,,,,,40.33227084368741,79.7971075985588,65.08532046270135,73.91239274421582,34.199006687202086,,,50,49.993863017127104,66.66666666666666,28.0
Hanumangarh,Fenugreek,Kharif,16760.57128140081,35.193748638324294,5898.673327123371,2480.4399895615434,288.7220797396023,-97.27008198043795,,,,,37.15688160587552,41.211845684015934,34.870429347446155,38.67527914938802,55.57801778611195,,,50,43.81463853235104,66.66666666666666,38.0
Sri Ganganagar,Bajra,Rabi,12028.391024607936,37.24379173709968,4479.82890252897,2389.0132934877433,326.88810338919103,197.05452097240195,37245.85,,,,42.26204647954855,17.10327177861227,78.53731511473444,41.676889113061144,41.45704027567524,100.0,,50,52.91049498205628,83.33333333333334,21.0
Hanumangarh,Barley,Kharif,15298.954095262923,25.098489379472014,3839.806368769864,2560.6338826366573,321.0677540011331,66.57337261613232,69371.63,,,,12.016940406735872,62.3584087885473,59.17873841779833,61.08654064024771,43.6105007348063,79.3518469123646,,50,45.739883752010165,83.33333333333334,32.0
Nagaur,Onion,Rabi,10348.009706801602,26.603146513211968,2752.8961835018267,2527.523798232102,282.7244871643125,-140.60551481108678,192832.55,57.291666666666664,4.0,,15.763945896854306,53.627513424713555,28.441053834468242,43.55292958861543,57.797056128958594,0.0,0.0,50,28.821130811280444,100.0,53.0
Hanumangarh,Mustard,Rabi,11813.088858821686,27.97814235544664,3305.082817496538,2492.0835694630096,255.7136168317574,151.23803836729948,,,,,19.188059506668726,44.28217545237352,71.73984357445505,55.265242701206134,67.79075880035131,,,50,44.691569649281476,66.66666666666666,38.0
Jodhpur,Fenugreek,Rabi,12241.72729729859,40.5337888427336,4962.035893390289,2600.736397971686,276.76488909499176,118.47205023916065,,,,,50.45503406512738,72.93315879336765,66.87858275463489,70.51132837787455,60.00203695380874,,,50,57.62177297990409,66.66666666666666,7.0
Nagaur,Maize,Rabi,12650.240122991288,39.18068659697009,4956.450936353381,2510.0202578537096,311.64986800000037,-70.723960353319,63029.7,46.25,2.0,,47.08544146500769,49.0119534740613,38.808892014264686,44.93072889014265,47.095007206815595,83.42798581112653,66.41604010025061,50,54.477559106996836,100.0,19.0
Alwar,Fenugreek,Kharif,17440.55165210901,42.414254204837576,7397.279912451515,2359.135988491312,304.8512703955566,-195.70255046636964,,,,,55.13790425381112,9.224837507955517,20.26669145382503,13.641579086303322,49.61040794010352,,,50,41.93913742897196,66.66666666666666,32.0
Ajmer,Fenugreek,Kharif,15682.379803812388,35.014997234879225,5491.184854668166,2459.3967608095586,336.8618102587897,-5.9558410298217,,,,,36.71174199562408,35.662894914034844,48.4180855355906,40.76497116265715,37.76688665384755,,,50,40.661283639352774,66.66666666666666,42.0
Alwar,Pulses,Kharif,10177.550296316316,37.103246803215725,3776.201604963656,2421.2287700549305,199.14821140858956,118.42926079120296,,,,,41.91205136965762,25.59826537535014,66.87223438308435,42.10785297844382,88.71929002966881,,,50,52.94330259007132,66.66666666666666,16.0
Jodhpur,Wheat,Kharif,15779.64838274527,43.697629849172266,6895.332341792926,2618.2501495852725,309.97669689325267,25.493473045584977,74052.11,40.666666666666664,3.0,,58.33385865257414,77.5514113746072,53.084000621902305,67.76444707352525,47.71406073427814,76.34356921253551,100.0,50,64.24499856987063,100.0,2.0
Nagaur,Gram,Rabi,11289.147867365757,33.364911309035946,3766.614173492507,2625.0862951061263,277.5716463498944,-36.169327608807954,46863.89,,,,32.60257926036768,79.35405465709619,43.935521543862436,65.18664141180268,59.70354630784948,93.81821196798955,,50,57.4624853764759,83.33333333333334,10.0
Hanumangarh,Cotton,Rabi,16565.824696850694,49.76685546146387,8244.29003288117,2447.1388047829505,318.03204408467894,163.67429764067967,91569.22,46.875,2.0,,73.44788109667627,32.430558501504706,73.58492450759772,48.89230490394191,44.733677512456296,65.08482408843429,62.65664160401001,50,58.37887065549204,100.0,10.0
Jodhpur,Maize,Kharif,15751.47855103763,33.23763873269942,5235.419535852525,2520.3558881303966,305.29888583810265,-153.18910357623318,63029.7,46.25,2.0,,32.285635930501485,51.73738616587923,26.574114653586296,41.67207756096205,49.444795518554194,83.42798581112653,66.41604010025061,50,50.47834570429495,100.0,26.0
Bhilwara,Garlic,Kharif,12959.925835264528,41.22773944245385,5343.084455298122,2574.8737705489516,323.56940331748535,-332.3045959409121,,,,,52.18315979471446,66.11336663872594,0.0,39.66801998323556,42.68492006495336,,,50,46.509509273424975,66.66666666666666,37.0
Hanumangarh,Wheat,Kharif,15879.217419896044,44.84401932077153,7120.8793277655,2391.2379693776215,367.04899655023235,310.2874179878692,74052.11,40.666666666666664,3.0,,61.18868022459534,17.68990309539315,95.33688922259725,48.74869754627479,26.59798463150082,76.34356921253551,100.0,50,57.988142642009244,100.0,10.0
Jodhpur,Pulses,Kharif,20000.0,29.207033822911143,5841.406764582229,2535.5523445354847,295.1493256969267,244.31185747382054,,,,,22.248333486764054,55.744584370291875,85.54855608463868,67.6661730560306,53.20001277173835,,,50,46.10042653154385,66.66666666666666,35.0
Jodhpur,Garlic,Rabi,11426.089508392057,33.89711733345565,3873.11496728532,2479.202661347749,300.92990910451834,191.59580782646654,,,,,33.92791700719245,40.88557097467482,77.72744396910632,55.62232017244742,51.061265255223496,,,50,46.354177432761496,66.66666666666666,31.0
Nagaur,Bajra,Kharif,12075.954989318036,32.45826509228316,3919.6454828576425,2461.8406586861793,271.0896348560723,-143.9682952583953,37245.85,,,,30.34478359676442,36.30733352010903,27.942141585271667,32.96125674617409,62.101813923229976,100.0,,50,51.104132596567126,83.33333333333334,27.0
Sri Ganganagar,Chilli,Kharif,18475.78673702221,28.71109857752781,5304.601343040256,2517.1989278254327,302.037566426736,68.93737802738141,,,,,21.013319844436325,50.904918034610326,59.52946939037287,54.35473857691534,50.651445141922935,,,50,41.629325930374115,66.66666666666666,35.0
Jaipur,Mustard,Kharif,17890.128387732966,47.621502234356925,8519.547889893576,2367.260852629111,304.6430084906978,-143.19091570599858,,,,9.014809614544701,68.10536808161332,11.367306786068463,28.057475960216095,18.043374455727516,49.687462382604316,,,50,47.45084835858597,66.66666666666666,21.0
Jaipur,Wheat,Kharif,17466.18047998347,52.67659685965853,9200.589478221264,2503.988940727061,297.6413670220433,-33.230135454014736,74052.11,40.666666666666664,3.0,9.014809614544701,80.6939285511953,47.42153775371899,44.37158895645326,46.201558234812694,52.277986945046564,76.34356921253551,100.0,50,66.20702720839867,100.0,1.0
Sri Ganganagar,Oilseeds,Kharif,14263.835651991389,35.86811640583873,5116.169175593796,2452.816333633851,270.0852726939921,117.36664358031467,,,,,38.83624075725559,33.92768275273558,66.71458128885882,47.04244216718487,62.47341604854649,,,50,47.9847480400438,66.66666666666666,23.0
Alwar,Garlic,Rabi,12331.45671112343,25.529151646310343,3148.116283981815,2528.8189447079412,263.352924211253,296.478501081692,,,,,13.089406579955742,53.96903440132078,93.28815666316306,69.69668330605771,64.96430539007227,,,50,45.941778819615095,66.66666666666666,31.0
Kota,Garlic,Rabi,14768.694871757689,47.42956478220766,7004.727701686893,2401.2217066690127,353.46058510715034,61.81235784926508,,,,,67.62739162383053,20.322544092803255,58.47237990792385,35.582478418851494,31.62553620857976,,,50,48.35623202801986,66.66666666666666,26.0
Nagaur,Garlic,Rabi,15830.072397990058,38.70140686849243,6126.460726323047,2428.881188152318,438.93773865232663,237.26687922204516,,,,,45.89190458963696,27.616153970022683,84.5033418637854,50.37102912752776,0.0,,,50,38.72957596388639,66.66666666666666,45.0
Jaipur,Sugarcane,Kharif,15039.005675633722,54.37512298301047,8177.477831547761,2517.906082920902,248.36920773888392,-63.48268798653927,,,,9.014809614544701,84.92372055270602,51.09138983785629,39.88322902203654,46.608125511528385,70.50810333118591,,,50,64.83836098688009,66.66666666666666,2.0
Jaipur,Guava,Rabi,14206.029500286131,53.49043206198926,7598.866558556706,2589.723922730277,207.9948848107761,-6.728942680931382,,,,9.014809614544701,82.72059954673648,70.02924686566736,48.303385842983126,61.33890245659367,85.44612546577794,,,50,71.01979893049273,66.66666666666666,1.0
Jodhpur,Guava,Kharif,16877.00204329502,45.1162022682128,7614.2623786633885,2500.030002171362,311.7972935026563,5.607781593094496,,,,,61.866489790316194,46.37759362300269,50.13369946342735,47.88003595917255,47.04046151385626,,,50,52.79826515532267,66.66666666666666,21.0
Kota,Maize,Rabi,11787.322505816664,51.78881306758996,6104.514418211351,2523.370542458299,279.19989724667636,104.15186373847227,63029.7,46.25,2.0,,78.48310545513839,52.532329216263705,64.75399669618699,57.42099620823302,59.101112726979075,83.42798581112653,66.41604010025061,50,66.6259443961721,100.0,2.0
Kota,Citrus,Rabi,14329.611644022449,31.589176826438617,4526.606360772189,2495.9311253092324,282.7288893063056,103.41680843967605,,,,,28.18051744569599,45.296748749421845,64.64494167515527,53.036025919715215,57.795427388468035,,,50,45.095531538182996,66.66666666666666,35.0
Udaipur,Citrus,Rabi,16419.712873720633,31.439492533918592,5162.274403024268,2441.090367696757,320.9339084147643,103.0029107565951,,,,,27.80776284713642,30.835628368767786,64.58353456659174,44.33479084789737,43.660022019295816,,,50,39.823869579010605,66.66666666666666,47.0
Jodhpur,Pomegranate,Rabi,12459.618845794785,39.42611921192225,4912.344179494183,2537.0215916692996,270.7436360115873,-169.7636134372678,,,,,47.69663542744485,56.132014460539104,24.115070382433196,43.32523682929674,62.229829404917766,,,50,49.89824084461097,66.66666666666666,24.0
Ajmer,Bajra,Kharif,13660.455143798936,36.63107522975797,5003.971600452331,2458.255680619733,277.14934713415784,-14.4108413744142,37245.85,,,,40.73621573351737,35.362000128706555,47.16367618446727,40.08267055101084,59.85979202479504,100.0,,50,55.199507608111965,83.33333333333334,17.0
Ajmer,Maize,Rabi,15642.281232390613,36.33091029446909,5682.983162548407,2513.017791635528,358.7174179668526,-51.35285858715823,63029.7,46.25,2.0,,39.98872340769237,49.80238195738498,41.6828470948904,46.55456801238715,29.68057020243988,83.42798581112653,66.41604010025061,50,50.415981866460555,100.0,15.0
Alwar,Mango,Kharif,15519.542777553546,48.40474252703931,7512.19472284852,2456.5885699146734,325.69308216421206,-9.696984694991025,,,,,70.0558494311206,34.9223948124543,47.86303817826132,40.098652158777114,41.89918400008716,,,50,52.4247605193982,66.66666666666666,17.0
Sri Ganganagar,Guava,Kharif,12348.4276913966,42.6334132107125,5264.556202699159,2394.853086415687,286.3322472836942,85.1437581401838,,,,,55.683669783916365,18.643183920706257,61.933896821811175,35.95946908114823,56.46222753962012,,,50,49.442860524202345,66.66666666666666,20.0
Hanumangarh,Mango,Rabi,15174.626155338,24.6965375605443,3747.607248125228,2497.2234059590314,350.5513325919928,145.47615391122,,,,,11.015971057298998,45.63751402794679,70.88499301889938,55.73650562432783,32.701925242865855,,,50,35.07544356749359,66.66666666666666,48.0
Sri Ganganagar,Oilseeds,Kharif,16073.36208104485,27.412026360496967,4406.034250674138,2452.816333633851,270.0852726939921,117.36664358031467,,,,,17.778276710605574,33.92768275273558,66.71458128885882,47.04244216718487,62.47341604854649,,,50,40.96542669116045,66.66666666666666,37.0
Nagaur,Citrus,Kharif,18249.15372952583,47.76748734619414,8717.162198538768,2386.835587168326,274.4543611575065,-26.518223732402717,,,,,68.46891071419299,16.529026005763225,45.36738842237394,28.06437097240751,60.85690497312404,,,50,52.478183491997804,66.66666666666666,25.0
Udaipur,Citrus,Rabi,10866.991896128726,31.382208427201263,3410.3020466101875,2441.090367696757,320.9339084147643,103.0029107565951,,,,,27.665109841642177,30.835628368767786,64.58353456659174,44.33479084789737,43.660022019295816,,,50,39.77631857717919,66.66666666666666,48.0
Nagaur,Bajra,Kharif,16545.105801625978,27.45114116369017,4541.82034928624,2461.8406586861793,271.0896348560723,-143.9682952583953,37245.85,,,,17.87568320875279,36.30733352010903,27.942141585271667,32.96125674617409,62.101813923229976,100.0,,50,47.64049359989723,83.33333333333334,37.0
Alwar,Wheat,Rabi,16545.143058918144,47.24548435592912,7816.832975567265,2479.757253275183,391.04114161292586,-290.015071358001,74052.11,40.666666666666664,3.0,,67.16898129736991,41.0318129482345,6.274201410919088,27.128768333308336,17.721174619329673,76.34356921253551,100.0,50,53.82771056578392,100.0,15.0
Jodhpur,Fenugreek,Kharif,16712.6715320795,45.186884029181215,7551.935503378748,2600.736397971686,276.76488909499176,118.47205023916065,,,,,62.04250659870468,72.93315879336765,66.87858275463489,70.51132837787455,60.00203695380874,,,50,61.48426382442986,66.66666666666666,6.0
Jodhpur,Sugarcane,Kharif,17862.005290479607,44.38682123913871,7928.3763580106815,2557.498300301033,375.0877895733256,121.46924624433156,,,,,60.05013265549455,61.53157787677665,67.32325579340544,63.84824904342817,23.623726256240957,,,50,51.767655881327215,66.66666666666666,23.0
Udaipur,Pomegranate,Kharif,14054.192266078962,41.809690007919286,5876.014219564581,2567.4013696791335,336.86630147296796,108.18358171323715,,,,,53.63237497794794,64.14294731529992,65.3521545344503,64.62663020296007,37.765224957701584,,,50,52.66427137164565,66.66666666666666,25.0
Ajmer,Citrus,Kharif,12681.524356387285,40.93989838466956,5191.803185132075,2584.4572310757026,254.93179490866285,-104.42694508089691,,,,,51.46635727564593,68.64045748090398,33.8086155530012,54.707720709742865,68.08002366835397,,,50,55.36018268148419,66.66666666666666,16.0
Kota,Coriander,Kharif,13543.90935651269,35.43968220484045,4799.9184340597485,2594.5670765978966,288.69895062042633,-48.221583516062445,,,,,37.76932307395266,71.30635232793297,42.14741250825955,59.642776400063596,55.58657528674965,,,50,49.611829788684446,66.66666666666666,21.0
Jaipur,Sugarcane,Kharif,20000.0,24.605237111669584,4921.047422333917,2517.906082920902,248.36920773888392,-63.48268798653927,,,,9.014809614544701,10.788608108283823,51.09138983785629,39.88322902203654,46.608125511528385,70.50810333118591,,,50,40.12665683873936,66.66666666666666,33.0
Nagaur,Coriander,Kharif,17058.78057112354,30.718180492383443,5240.147005637368,2493.3520104450463,351.9994672351066,131.9883035446136,,,,,26.0114996858388,44.61665437891584,68.88389485960194,54.32355057119028,32.16613254632398,,,50,39.5900065568618,66.66666666666666,55.0
Bhilwara,Fenugreek,Rabi,13584.2044026317,41.89333448691004,5690.876187780057,2395.123197196325,302.18302324418806,-149.124636198497,,,,,53.840672479729925,18.714410225465187,27.177131292045548,22.09949865209733,50.59762783921312,,,50,43.95961603497856,66.66666666666666,38.0
Kota,Fenugreek,Rabi,15192.840057286388,28.635674889931007,4350.572285351738,2455.3127982296883,273.32526198793164,-30.717156341979056,,,,,20.825494349064005,34.58598283132947,44.744422116576224,38.64935854542817,61.274658316438114,,,50,39.5032587250898,66.66666666666666,42.0
Nagaur,Mango,Rabi,12854.088872220094,48.55007784618938,6240.670153881223,2497.9502589505228,238.95169081755617,17.425379685660598,,,,,70.41777390318279,45.82918002722547,51.88699395792291,48.252305599504446,73.99247324803102,,,50,61.13836744386831,66.66666666666666,5.0
Ajmer,Fenugreek,Kharif,12808.90010484859,31.278726628198463,4006.460847874617,2459.3967608095586,336.8618102587897,-5.9558410298217,,,,,27.407412017801704,35.662894914034844,48.4180855355906,40.76497116265715,37.76688665384755,,,50,37.55984031341199,66.66666666666666,49.0
Ajmer,Pulses,Rabi,15136.71551971144,24.45105989637092,3701.087378067917,2522.4990034676835,334.52840056174574,-122.27702636882337,,,,,10.404664910048798,52.302510541095394,31.160323657873462,43.84563578780662,38.630220653666726,,,50,32.88643531083138,66.66666666666666,42.0
Bhilwara,Coriander,Rabi,20000.0,38.69194419581555,7738.388839163111,2703.3817006090985,235.11686265536576,198.72561027512006,,,,,45.86833996107382,100.0,78.7852429636354,91.51409718545416,75.41131432856531,,,50,64.77546876885877,66.66666666666666,11.0
Nagaur,Bajra,Kharif,8924.572240027179,38.05601190289823,3396.336273947494,2461.8406586861793,271.0896348560723,-143.9682952583953,37245.85,,,,44.28469559487721,36.30733352010903,27.942141585271667,32.96125674617409,62.101813923229976,100.0,,50,54.97633037382068,83.33333333333334,19.0
Ajmer,Pulses,Rabi,13014.640605694836,51.34991147351465,6683.00642962039,2522.4990034676835,334.52840056174574,-122.27702636882337,,,,,77.39012111621845,52.302510541095394,31.160323657873462,43.84563578780662,38.630220653666726,,,50,55.21492071288793,66.66666666666666,7.0
Jodhpur,Citrus,Rabi,12622.4377847019,29.05987440909497,3668.064567600521,2458.4225639014226,197.3608881143447,-116.02539327617669,,,,,21.881866522877573,35.40600607120435,32.08783479821582,34.07873756200894,89.38057851687498,,,50,44.257734560869906,66.66666666666666,35.0
Hanumangarh,Tomato,Rabi,16514.961836941373,42.30597523987252,6986.815665610812,2493.535664595839,339.36386319881217,340.1557451237091,,56.666666666666664,4.0,,54.86826018202184,44.66508268112473,99.76824431835081,66.70634733601517,36.84115664800871,,3.759398496240607,50,47.60052689356925,83.33333333333334,28.0
Jodhpur,Tomato,Rabi,11399.110778832672,43.52897484420537,4961.916063381177,2433.7833337732764,237.13365709591483,191.7071691895963,,56.666666666666664,4.0,,57.91386182048779,28.908815140918865,77.7439658768024,48.442875435272285,74.66512423028207,,3.759398496240607,50,50.87382238393268,83.33333333333334,19.0
Hanumangarh,Garlic,Kharif,13575.16406651713,45.56594550889763,6185.651861292647,2483.5412535473192,225.56342758154267,-81.03265486833611,,,,,62.98647277793612,42.02962708936052,37.27946300533724,40.12956145575121,78.94597235486266,,,50,57.485901785151555,66.66666666666666,12.0
Bhilwara,Coriander,Kharif,20000.0,47.61759682900077,9523.519365800154,2703.3817006090985,235.11686265536576,198.72561027512006,,,,,68.0956425601091,100.0,78.7852429636354,91.51409718545416,75.41131432856531,,,50,72.18456963520387,66.66666666666666,1.0
Hanumangarh,Tomato,Rabi,11217.348136994864,47.59247350182276,5338.61343970649,2493.535664595839,339.36386319881217,340.1557451237091,,56.666666666666664,4.0,,68.03307864255265,44.66508268112473,99.76824431835081,66.70634733601517,36.84115664800871,,3.759398496240607,50,51.47253232313714,83.33333333333334,21.0
Bhilwara,Tomato,Kharif,20000.0,48.316041353267046,9663.20827065341,2585.2694299815,361.5020768571169,34.91633673448848,,56.666666666666664,4.0,,69.8349593840449,68.85462859489124,54.482005097831234,63.10557919606724,28.65027933628403,,3.759398496240607,50,49.709808747401574,83.33333333333334,30.0
Sri Ganganagar,Chilli,Kharif,10441.89010213796,38.69939337162329,4040.948126058966,2517.1989278254327,302.037566426736,68.93737802738141,,,,,45.88689043481469,50.904918034610326,59.52946939037287,54.35473857691534,50.651445141922935,,,50,49.920516127166906,66.66666666666666,19.0
Sri Ganganagar,Tomato,Rabi,18800.73344755987,39.80706312218198,7484.019830903338,2520.6183459732238,436.5769868409875,-83.09210130213346,,56.666666666666664,4.0,,48.64528937070066,51.80659444499875,36.97391732119718,45.87352359547812,0.873450258840407,,3.759398496240607,50,34.52115817673048,83.33333333333334,44.0
Ajmer,Cotton,Kharif,16331.458284438686,35.54846914130332,5805.583408568511,2556.031013030241,329.814173061192,-287.32471711035356,91569.22,46.875,2.0,,38.040232132926356,61.144664588563856,6.673350481118918,39.35613894558588,40.37442909218766,65.08482408843429,62.65664160401001,50,46.96583795984306,100.0,32.0
Hanumangarh,Mustard,Rabi,12219.208585265753,28.599507438614506,3494.6334682829,2492.0835694630096,255.7136168317574,151.23803836729948,,,,,20.735427558691853,44.28217545237352,71.73984357445505,55.265242701206134,67.79075880035131,,,50,45.20735899995585,66.66666666666666,37.0
Alwar,Opium,Rabi,5276.197979792782,38.29039184314339,2020.2768808826715,2559.528576753733,319.07460955994225,1.87730635118284,,,,,44.86836539125757,62.06694743523482,49.58023490554818,57.072262423360165,44.34794061294281,,,50,49.04497989923712,66.66666666666666,24.0
Jodhpur,Citrus,Kharif,14242.29554582052,29.12040623363383,4147.414319937672,2458.4225639014226,197.3608881143447,-116.02539327617669,,,,,22.032607229041133,35.40600607120435,32.08783479821582,34.07873756200894,89.38057851687498,,,50,44.307981462924424,66.66666666666666,38.0
Bhilwara,Citrus,Rabi,19897.233911794905,25.85600024588421,5144.628849157847,2521.2294029530503,280.30322522981425,-68.6014904709033,,,,,13.903348487104184,51.967725853998495,39.12378804731839,46.830150731326455,58.692894417951926,,,50,38.86106857431216,66.66666666666666,44.0
Alwar,Pomegranate,Rabi,13679.86653990905,47.02517635202084,6432.981365113321,2412.0135755408783,271.33129491782745,-35.076677235859215,,,,,66.6203544496644,23.168283679245047,44.097630448590266,31.540022386983132,62.01240255754655,,,50,53.019937964592934,66.66666666666666,17.0
Nagaur,Pomegranate,Kharif,19323.81986719835,21.536581803505115,4161.690273261146,2419.824527370672,222.03060661359515,243.75711861056936,,,,,3.1468217975424437,25.227976499251646,85.46625335381279,49.3232872410761,80.253074344182,,,50,40.25243206563751,66.66666666666666,54.0
Udaipur,Sugarcane,Kharif,18489.49125646488,46.38361487916462,8576.094417515485,2510.1623974946974,306.386771961464,-106.60383728865102,,,,,65.02269189443126,49.049434693298146,33.48564525962436,42.82391891982863,49.042290515074036,,,50,52.902400446446194,66.66666666666666,24.0
Alwar,Garlic,Rabi,12055.474046856149,38.92502696894872,4692.596523973369,2528.8189447079412,263.352924211253,296.478501081692,,,,,46.448779458550035,53.96903440132078,93.28815666316306,69.69668330605771,64.96430539007227,,,50,57.061569779146524,66.66666666666666,7.0
Sri Ganganagar,Citrus,Kharif,15597.17908672041,24.18152533879961,3771.63581299325,2428.3367514203997,416.38292640290416,-107.82273387001561,,,,,9.733450555396427,27.47258984978287,33.30480608666161,29.805476344534366,8.345013864960208,,,50,22.86161331666669,66.66666666666666,54.0
Udaipur,Fenugreek,Kharif,15209.406254970056,41.443658120043125,6303.334330398245,2474.450481514884,309.99347259353544,163.5031687296147,,,,,52.720856026104514,39.63245472272231,73.55953530623303,53.2032869561266,47.707853923513944,,,50,51.30273264837138,66.66666666666666,27.0
Bhilwara,Pulses,Rabi,15340.552035753744,50.82981179978978,7797.573728822447,2659.08827357726,281.0703717009987,-25.243724503492558,,,,,76.09493147523231,88.32013618583895,45.5564769718223,71.21467250023228,58.409059293646976,,,50,66.03736835053543,66.66666666666666,8.0
Nagaur,Cumin,Rabi,19758.050448436057,23.74436913260462,4691.4244318829,2561.3516865774504,264.64972231186954,-113.19591514427711,,,,,8.644812706998028,62.54768861708045,32.50762470747631,50.531663053238795,64.48450542499049,,,50,39.253615468194454,66.66666666666666,43.0
Alwar,Pulses,Kharif,20000.0,23.776128625339616,4755.225725067923,2421.2287700549305,199.14821140858956,118.42926079120296,,,,,8.723902481653608,25.59826537535014,66.87223438308435,42.10785297844382,88.71929002966881,,,50,41.88058629406998,66.66666666666666,33.0
Sri Ganganagar,Pomegranate,Kharif,14544.64471489325,32.07360858932606,4664.99241656296,2432.2045493813166,264.172948654992,-108.26062942369596,,,,,29.38688428796472,28.492500849483292,33.23983858163918,30.391435942345645,64.66090604110259,,,50,40.8321922221676,66.66666666666666,40.0
Udaipur,Mango,Kharif,15842.975603205095,29.966490939055696,4747.58384861126,2562.5349716091146,231.17464393832404,-164.6633891399493,,,,,24.13958825829459,62.85971252106146,24.871755041290072,47.66452952915291,76.8698886447076,,,50,46.131048356147154,66.66666666666666,33.0
Alwar,Cotton,Rabi,14375.633248928174,34.945514294105415,5023.638971872366,2557.4958318309104,242.7009518956899,95.62610013976284,91569.22,46.875,2.0,,36.53871057556767,61.53092695864293,63.48908869526325,62.31419165329106,72.6052909769313,65.08482408843429,62.65664160401001,50,56.01669739475597,100.0,11.0
Hanumangarh,Barley,Kharif,13231.905729167363,33.2058084410315,4393.761269525187,2560.6338826366573,321.0677540011331,66.57337261613232,69371.63,,,,32.206369847247466,62.3584087885473,59.17873841779833,61.08654064024771,43.6105007348063,79.3518469123646,,50,51.34805859659672,83.33333333333334,16.0
Jodhpur,Fennel,Rabi,16071.04645789514,40.81701755294393,6559.721853660834,2474.2233424916312,285.57610170330025,162.74239573087576,,,,,51.16035058429971,39.57255976682815,73.44666472967407,53.122201751966514,56.74199246439698,,,50,52.567769154837045,66.66666666666666,12.0
Ajmer,Bajra,Rabi,17698.79962629975,41.77898059077667,7394.378060672228,2458.255680619733,277.14934713415784,-14.4108413744142,37245.85,,,,53.55590017711028,35.362000128706555,47.16367618446727,40.08267055101084,59.85979202479504,100.0,,50,58.760531064665535,83.33333333333334,3.0
Ajmer,Pulses,Kharif,17438.58635651688,44.36431971294069,7736.510204622403,2522.4990034676835,334.52840056174574,-122.27702636882337,,,,,59.99409773543908,52.302510541095394,31.160323657873462,43.84563578780662,38.630220653666726,,,50,49.416246252628135,66.66666666666666,24.0
Nagaur,Bajra,Kharif,12513.014967233785,40.10660414272631,5018.545379228548,2461.8406586861793,271.0896348560723,-143.9682952583953,37245.85,,,,49.39122797912338,36.30733352010903,27.942141585271667,32.96125674617409,62.101813923229976,100.0,,50,56.39481159166685,83.33333333333334,18.0
Udaipur,Oilseeds,Rabi,17241.880815369786,47.1575754180117,8130.852948991698,2548.9578021351304,296.33628093271363,-146.77735057676895,,,,,66.95006413304004,59.27950884154187,27.525381666220415,46.57785797141329,52.76085336796266,,,50,55.28962084364943,66.66666666666666,15.0
Kota,Sugarcane,Rabi,14937.295218107556,39.93017568456818,5964.488223112949,2521.419779484003,198.21548933117285,-129.8418903128942,,,,,48.95187313441633,52.017926800367796,30.037977627753282,43.22594713132199,89.06438617066622,,,50,55.65708751395788,66.66666666666666,13.0
Sri Ganganagar,Cumin,Kharif,18832.994687365277,32.850809018686384,6186.791117245719,2400.470749762615,266.32453096541127,55.86597919140456,,,,,31.322324735116354,20.124522061436735,57.59015723616358,35.11077613132747,63.86484602457501,,,50,42.57661775164111,66.66666666666666,34.0
Ajmer,Mustard,Rabi,16641.292143510113,26.99054176697818,4491.574906558955,2559.9376341465254,337.6065445302241,93.49794357769974,,,,,16.728665440036753,62.1748129800832,63.17334896926622,62.57422737575641,37.491343778468924,,,50,39.76095120257441,66.66666666666666,30.0
Sri Ganganagar,Fenugreek,Rabi,14346.95639031834,49.839812631279536,7150.496183226046,2525.1591971442017,249.3866212874332,3.0293062020164303,,,,,73.6295642919457,53.00398482166284,49.75114907781106,51.70285052412213,70.13167234718338,,,50,62.35694937318448,66.66666666666666,5.0
Nagaur,Barley,Kharif,17476.24904696409,41.43588869924814,7241.439103903453,2570.1274617512154,181.80305849070606,53.49096807035679,69371.63,,,,52.701508055247196,64.86179853726325,57.23779342329045,61.812196491674136,95.13679153617322,79.3518469123646,,50,65.79012453269699,83.33333333333334,6.0
Udaipur,Mustard,Kharif,18916.436421462982,25.36947771762421,4799.001122911604,2389.0634142342865,358.55290737834696,174.53150876857504,,,,,12.691775070424669,17.116488265416674,75.19573309551963,40.348186197457856,29.741437175165302,,,50,30.93839544449671,66.66666666666666,49.0
Alwar,Onion,Rabi,17045.85891388489,34.72614839257074,5919.370261223915,2464.5611097430974,330.487717549732,189.22219328118777,192832.55,57.291666666666664,4.0,,35.99242981899947,37.024697246222495,77.3752873564263,53.16493329030402,40.12522559479752,0.0,0.0,50,33.1498779520303,100.0,55.0
Udaipur,Fennel,Kharif,15972.499057465326,42.12723018855128,6728.771444802601,2543.258940436375,330.1459237111207,310.4078807126678,,,,,54.423136390286366,57.77675926902949,95.35476143575991,72.80796013572166,40.25168527402816,,,50,55.606838554426865,66.66666666666666,16.0
Alwar,Oilseeds,Kharif,15290.987894978154,42.802112826351966,6544.865891072371,2423.446061721447,252.31632608328425,126.79551962368693,,,,,56.10377770871035,26.182949524593656,68.11347777582981,42.955160825088115,69.04771621084961,,,50,53.965512031763545,66.66666666666666,15.0
Hanumangarh,Onion,Kharif,12545.337950299583,43.39880683124725,5444.526983377669,2592.7250371916166,263.6853652156814,-0.807267255342992,192832.55,57.291666666666664,4.0,,57.589708065951314,70.82061954888646,49.18194346869938,62.16514911681163,64.84130614891004,0.0,0.0,50,44.05665276218666,100.0,37.0
Nagaur,Cotton,Kharif,11981.947855500894,40.67200641787164,4873.298600775357,2487.588697001986,280.0303048450456,55.441129147157405,91569.22,46.875,2.0,,50.799233418760736,43.09690933672524,57.52712520226548,48.86899568294134,58.79387173355707,65.08482408843429,62.65664160401001,50,54.821076024978154,100.0,20.0
Jodhpur,Cotton,Kharif,18474.332620500205,33.558386682753685,6199.68797784556,2494.8963609333077,247.2235805086397,-116.29286601109928,91569.22,46.875,2.0,,33.084385561130134,45.02388869319144,32.04815173657385,39.83359391054441,70.93197186153506,65.08482408843429,62.65664160401001,50,50.405998725287816,100.0,27.0
Bhilwara,Cumin,Kharif,16872.359451156466,35.50921253404616,5991.241977019373,2441.307705208337,229.5698778798867,22.735909830844623,,,,,37.94247250409292,30.892938735273017,52.67488022664455,39.60571533182163,77.46363311305359,,,50,48.70174154579413,66.66666666666666,33.0
Bhilwara,Mango,Rabi,14963.259681459256,33.85197161067964,5065.35841939986,2470.8879837233767,349.00917395365167,-75.6934263913202,,,,,33.81549187903279,38.693049221017844,38.07160704512268,38.44447235065978,33.27250570598872,,,50,38.17819106105128,66.66666666666666,46.0
Udaipur,Cotton,Kharif,15227.41367458118,29.82512287116332,4541.594838544162,2499.17219893514,267.3479686992934,83.66972057610141,91569.22,46.875,2.0,,23.78754332085191,46.15139696923693,61.71520416315569,52.376919846804434,63.48618616322375,65.08482408843429,62.65664160401001,50,49.473585497723576,100.0,29.0
Nagaur,Opium,Kharif,17925.359200253253,38.32279931116366,6869.499432118265,2465.8775426422094,250.29402899518487,196.17957629610825,,,,,44.94906880060569,37.371831302276846,78.4075056837555,53.78610105486831,69.79594222366823,,,50,53.2851716595671,66.66666666666666,22.0
Hanumangarh,Bajra,Rabi,12523.508409622464,30.03651561171685,3761.625558590925,2344.058933480805,270.949323127899,-83.43510362909235,37245.85,,,,24.3139687380873,5.249124607827964,36.92302846148596,17.91868614929116,62.15372760373745,100.0,,50,46.094765061045194,83.33333333333334,33.0
Alwar,Onion,Rabi,16238.794362826871,39.88263850154879,6476.4596527361255,2464.5611097430974,330.487717549732,189.22219328118777,192832.55,57.291666666666664,4.0,,48.83349261983646,37.024697246222495,77.3752873564263,53.16493329030402,40.12522559479752,0.0,0.0,50,36.36014365223955,100.0,53.0
Bhilwara,Tomato,Rabi,12533.338813300708,27.992241571388192,3508.362477579692,2585.2694299815,361.5020768571169,34.91633673448848,,56.666666666666664,4.0,,19.223170388978538,68.85462859489124,54.482005097831234,63.10557919606724,28.65027933628403,,3.759398496240607,50,34.823988454735,83.33333333333334,50.0
Ajmer,Pomegranate,Rabi,15734.89971332617,30.999720171744546,4877.774880435747,2485.493684389021,361.31989302273314,-44.82758420247788,,,,,26.712610058824655,42.54446931010925,42.6509564826119,42.587064179110314,28.717685201032168,,,50,36.004290840910734,66.66666666666666,39.0
Nagaur,Guava,Kharif,13586.885083145033,39.73803212999852,5399.16075980615,2500.4551225324476,277.585217086817,134.05041510232655,,,,,48.47338342555234,46.48969485911924,69.18983594956404,55.569751295297166,59.69852529563602,,,50,52.916099879723895,66.66666666666666,24.0
Udaipur,Citrus,Kharif,10655.746975508027,29.038702321759708,3094.2906443776897,2441.090367696757,320.9339084147643,103.0029107565951,,,,,21.829142267162712,30.835628368767786,64.58353456659174,44.33479084789737,43.660022019295816,,,50,37.8309960523527,66.66666666666666,46.0
Bhilwara,Cotton,Kharif,12844.667336242692,30.617320529206477,3932.692969247712,2577.1034544330764,305.4366722745149,120.71996455962663,91569.22,46.875,2.0,,25.760330946274944,66.70131852821257,67.212090102854,66.90562715806914,49.393816166141576,65.08482408843429,62.65664160401001,50,50.758668366769946,100.0,23.0
Jodhpur,Bajra,Kharif,15932.722696794011,32.11822365069129,5117.3075094007545,2372.3098195021794,203.70975540628706,168.1371241286985,37245.85,,,,29.49798792488563,12.698683683982917,74.24704290509632,37.31802737242828,87.0315726820156,100.0,,50,55.99204262001045,83.33333333333334,16.0
Hanumangarh,Opium,Rabi,17572.978869606057,29.312091046227373,5151.007565793225,2429.645185810749,241.51811495740964,5.02760230466712,,,,,22.509954545618875,27.81761475557892,50.04762231439484,36.70961777910529,73.04292665932049,,,50,41.90113492149846,66.66666666666666,44.0
Bhilwara,Cotton,Kharif,14942.951376291934,44.5489656015228,6656.930268476572,2577.1034544330764,305.4366722745149,120.71996455962663,91569.22,46.875,2.0,,60.45391621682643,66.70131852821257,67.212090102854,66.90562715806914,49.393816166141576,65.08482408843429,62.65664160401001,50,59.43206468440783,100.0,13.0
Ajmer,Sugarcane,Rabi,14944.46059202283,33.039951535852545,4937.642536898926,2496.761937413637,371.7014042161029,38.96302850322494,,,,,31.793341044642524,45.51582803239601,55.082384493328654,49.34245061676907,24.876648800911894,,,50,38.73109693953497,66.66666666666666,33.0
Sri Ganganagar,Wheat,Rabi,15968.155681014268,29.22240876649585,4666.279725576418,2534.583143620669,359.8771878092114,30.532576180596187,74052.11,40.666666666666664,3.0,,22.286621277869635,55.489012935607654,53.83161716077988,54.82605462567655,29.251469072817542,76.34356921253551,100.0,50,49.87612198740569,100.0,25.0
Jaipur,Garlic,Kharif,16558.039542723516,48.93967904705696,8103.451408693667,2470.5552075866267,261.84331677112203,-157.54974056843614,,,,9.014809614544701,71.38798685460715,38.605298504527816,25.927157397887058,33.53404206187152,65.52284229471277,,,50,55.84297529364401,66.66666666666666,5.0
Kota,Fennel,Kharif,14673.719554629428,28.67199712558434,4207.248448919657,2522.877054600091,348.11305172561777,-17.9805857599266,,,,,20.915946594532134,52.40219995411226,46.634058141202416,50.094943228948324,33.60406033543741,,,50,37.05144579298442,66.66666666666666,40.0
Jaipur,Cumin,Kharif,17070.43197513334,35.2610432841812,6019.212407548474,2560.745512353732,311.61613444070485,341.7178303923261,,,,9.014809614544701,37.32446357643027,62.38784475637406,100.0,77.43270685382444,47.1074882249204,,,50,52.51170733148069,66.66666666666666,10.0
Bhilwara,Mango,Rabi,15672.27744543125,49.199316913602544,7710.653447956774,2470.8879837233767,349.00917395365167,-75.6934263913202,,,,,72.03455575696618,38.693049221017844,38.07160704512268,38.44447235065978,33.27250570598872,,,50,50.91787902036241,66.66666666666666,27.0
Sri Ganganagar,Onion,Rabi,15293.028295646494,42.03160807965431,6427.905716736772,2579.646327014895,299.33065418109754,-116.26178342479348,192832.55,57.291666666666664,4.0,,54.185011332438094,67.37185606487819,32.05276324282222,53.2442189360558,51.652970668771964,0.0,0.0,50,39.44304222063648,100.0,39.0
Alwar,Onion,Rabi,15073.530522776828,41.38891351472143,6238.770511687239,2464.5611097430974,330.487717549732,189.22219328118777,192832.55,57.291666666666664,4.0,,52.58452706976288,37.024697246222495,77.3752873564263,53.16493329030402,40.12522559479752,0.0,0.0,50,37.29790226472115,100.0,49.0
Jaipur,Pulses,Rabi,19353.43082338513,49.621991296041294,9603.55775866554,2504.7348677814603,260.6243666881331,34.848381540048884,,,,9.014809614544701,73.08712992553696,47.61823344864495,54.47192306023357,50.3597092932804,65.97383941367562,,,50,60.986400336122216,66.66666666666666,6.0
Sri Ganganagar,Mustard,Rabi,20000.0,25.81568635410829,5163.137270821659,2594.168458070026,229.53995706835244,40.38445008869863,,,,,13.802955932265496,71.20123943802311,55.2932708867097,64.83805201749774,77.47470345956515,,,50,47.386073207334256,66.66666666666666,29.0
Alwar,Coriander,Rabi,17616.961910162034,45.206236530317696,7963.965470563824,2460.2661253266865,357.49294060823,2.163949460238926,,,,,62.090699589905064,35.8921401959052,49.62276214171382,41.38438897422864,30.133612348037758,,,50,47.75945939270355,66.66666666666666,26.0
Alwar,Tomato,Kharif,20000.0,29.81220753164984,5962.441506329968,2498.563704124966,282.8798758148279,-75.51769971045312,,56.666666666666664,4.0,,23.7553806128312,45.99094118627514,38.097678385481935,42.833636065957855,57.73956416544017,,3.759398496240607,50,36.52052569510524,83.33333333333334,39.0
Nagaur,Citrus,Kharif,12480.834473457671,36.86517434530854,4601.081388389542,2386.835587168326,274.4543611575065,-26.518223732402717,,,,,41.319186200031275,16.529026005763225,45.36738842237394,28.06437097240751,60.85690497312404,,,50,43.42827532061057,66.66666666666666,47.0
Jaipur,Coriander,Rabi,8628.312827070578,46.12986668814119,3980.229204563445,2537.8802144321417,304.9340956843572,262.18440713967624,,,,9.014809614544701,64.390789885959,56.35842721768534,88.20018145607989,69.09512891304315,49.57976356249721,,,50,59.80491705129728,66.66666666666666,8.0
Ajmer,Fennel,Rabi,12722.602015338907,32.09164043058726,4082.89169217721,2436.16073414115,328.5196270392623,93.04381484032236,,,,,29.431788476890965,29.53571882368292,63.105973060151754,42.96382051827045,40.85339581478181,,,50,39.43829412679214,66.66666666666666,31.0
Jodhpur,Oilseeds,Rabi,16025.26792733148,34.85102558327732,5584.970225143029,2505.795658348279,342.47291786105546,-161.82365843715024,,,,,36.3034079871653,47.897956427562015,25.293066052890612,38.856000277693454,35.69084318157745,,,50,39.60090470608885,66.66666666666666,40.0
Jodhpur,Oilseeds,Rabi,17851.27151455815,33.18149197466991,5923.318224979648,2505.795658348279,342.47291786105546,-161.82365843715024,,,,,32.145815232568786,47.897956427562015,25.293066052890612,38.856000277693454,35.69084318157745,,,50,38.21504045455667,66.66666666666666,41.0
Nagaur,Onion,Kharif,12304.755985954926,27.085934739832062,3332.8581762513304,2527.523798232102,282.7244871643125,-140.60551481108678,192832.55,57.291666666666664,4.0,,16.966219886818777,53.627513424713555,28.441053834468242,43.55292958861543,57.797056128958594,0.0,0.0,50,29.121699308771568,100.0,61.0
Sri Ganganagar,Opium,Kharif,11039.300378938076,50.37206768087202,5560.723858373448,2485.465088150359,348.51554368155143,190.79147202556635,,,,,74.95502412478426,42.53692868398138,77.60811028383478,56.56540132392274,33.45514307043612,,,50,56.76014367539471,66.66666666666666,8.0
Bhilwara,Mustard,Rabi,18538.32036216386,45.84114556484735,8498.178422497273,2485.7560886235715,246.2831469107493,-116.45285887458363,,,,,63.67179576441706,42.61366345310493,32.024414712814156,38.37796395698862,71.27992117393383,,,50,55.714039878122755,66.66666666666666,19.0
Nagaur,Fenugreek,Rabi,9860.596412727367,40.45211484149317,3988.819784932631,2612.662662648438,273.9225402489848,-32.02449652768444,,,,,50.25164358886176,76.0780305400486,44.550461183730484,63.46700279752136,61.053672421516495,,,50,55.88581642659625,66.66666666666666,12.0
Hanumangarh,Maize,Rabi,14656.380464242146,53.61594317241768,7858.156620841395,2487.8483664724167,256.40323019502836,-81.69245905284988,63029.7,46.25,2.0,,83.03315634741917,43.165382341741214,37.18157246657533,40.77185839167486,67.53561000929432,83.42798581112653,66.41604010025061,50,65.69880414827796,100.0,3.0
Kota,Mustard,Rabi,10216.7170236169,27.40100723413937,2799.4833707328157,2384.9080130746947,310.1454691446306,154.8290104522878,,,,,17.750836089063046,16.02073833388955,72.2726110232362,38.52148740962821,47.65161699667595,,,50,35.719665404923724,66.66666666666666,50.0
Sri Ganganagar,Coriander,Kharif,15015.73109915455,36.14786692568661,5427.866495641326,2497.9801038800183,328.20750048727047,-73.80890325397858,,,,,39.53289563644925,45.83704992430525,38.35120058143773,42.84271018715824,40.96887894872192,,,50,42.79613038513633,66.66666666666666,32.0
Bhilwara,Opium,Kharif,13649.80358556227,45.14003965113265,6161.526750824535,2429.9112782833595,329.01371240129174,-193.25336973089236,,,,,61.92585135692688,27.887781460896864,20.630059294388005,24.98469259429332,40.67059007244116,,,50,45.43865315860874,66.66666666666666,38.0
Sri Ganganagar,Chilli,Kharif,11797.138711852218,35.43220317283964,4179.986156965196,2517.1989278254327,302.037566426736,68.93737802738141,,,,,37.750698250170956,50.904918034610326,59.52946939037287,54.35473857691534,50.651445141922935,,,50,47.20845206561899,66.66666666666666,25.0
Nagaur,Barley,Kharif,15360.886895135696,45.594127104966375,7003.662295418292,2570.1274617512154,181.80305849070606,53.49096807035679,69371.63,,,,63.05665261679909,64.86179853726325,57.23779342329045,61.812196491674136,95.13679153617322,79.3518469123646,,50,68.66655357757253,83.33333333333334,5.0
Nagaur,Cotton,Rabi,17134.84463426667,24.21479178412568,4149.1669507211045,2487.588697001986,280.0303048450456,55.441129147157405,91569.22,46.875,2.0,,9.816293051855194,43.09690933672524,57.52712520226548,48.86899568294134,58.79387173355707,65.08482408843429,62.65664160401001,50,44.57534093325177,100.0,38.0
Nagaur,Cumin,Rabi,10397.657487793134,56.37632874881603,5861.817567494144,2561.3516865774504,264.64972231186954,-113.19591514427711,,,,,89.90726718481605,62.54768861708045,32.50762470747631,50.531663053238795,64.48450542499049,,,50,66.3411002941338,66.66666666666666,2.0
Sri Ganganagar,Cumin,Rabi,15996.942035938777,40.77856672403225,6523.323681930056,2400.470749762615,266.32453096541127,55.86597919140456,,,,,51.064597562697,20.124522061436735,57.59015723616358,35.11077613132747,63.86484602457501,,,50,49.157375360834656,66.66666666666666,26.0
Kota,Onion,Kharif,19653.45592656757,48.45592224572401,9523.26332237522,2616.4830118474365,349.6511976695419,-85.18026394926444,192832.55,57.291666666666664,4.0,,70.18330085018086,77.08542963641491,36.664111213039796,60.91690226706487,33.03496452180643,0.0,0.0,50,42.184450344229155,100.0,27.0
Kota,Cumin,Kharif,18537.89155219148,41.14556344057715,7627.519929152337,2520.4668265037953,339.84015462105606,80.26499209675144,,,,,51.97851920033357,51.766639831262374,61.21006837741157,55.54401124972205,36.66493445300956,,,50,49.47089629063898,66.66666666666666,22.0
Bhilwara,Mustard,Kharif,20000.0,39.61435414770847,7922.870829541694,2485.7560886235715,246.2831469107493,-116.45285887458363,,,,,48.16539161249674,42.61366345310493,32.024414712814156,38.37796395698862,71.27992117393383,,,50,50.54523849414932,66.66666666666666,25.0
Udaipur,Mango,Rabi,14253.10755456278,50.95562613287363,7262.760197819377,2562.5349716091146,231.17464393832404,-164.6633891399493,,,,,76.40824338279559,62.85971252106146,24.871755041290072,47.66452952915291,76.8698886447076,,,50,63.55393339764749,66.66666666666666,4.0
Udaipur,Citrus,Kharif,16936.12784875544,36.61318370330249,6200.855601491002,2441.090367696757,320.9339084147643,103.0029107565951,,,,,40.69166096661932,30.835628368767786,64.58353456659174,44.33479084789737,43.660022019295816,,,50,44.11850228550489,66.66666666666666,38.0
Alwar,Garlic,Rabi,12105.229618259687,38.86586131164267,4704.801754888701,2528.8189447079412,263.352924211253,296.478501081692,,,,,46.30144088035767,53.96903440132078,93.28815666316306,69.69668330605771,64.96430539007227,,,50,57.01245691974906,66.66666666666666,8.0
Udaipur,Cotton,Kharif,18175.273460548764,22.99150157530109,4178.7682839973495,2499.17219893514,267.3479686992934,83.66972057610141,91569.22,46.875,2.0,,6.769967729168061,46.15139696923693,61.71520416315569,52.376919846804434,63.48618616322375,65.08482408843429,62.65664160401001,50,45.21919159980261,100.0,35.0
Alwar,Chilli,Rabi,11450.224462002676,32.99062366229162,3777.5004607469577,2570.32437740795,301.7631417217884,86.76888345629207,,,,,31.67050122359357,64.91372380490816,62.17500531503285,63.818236408958036,50.752979038208615,,,50,47.72562592456172,66.66666666666666,27.0
Hanumangarh,Tomato,Kharif,14191.779496666326,28.24619207814456,4008.637295935107,2493.535664595839,339.36386319881217,340.1557451237091,,56.666666666666664,4.0,,19.85557621865038,44.66508268112473,99.76824431835081,66.70634733601517,36.84115664800871,,3.759398496240607,50,37.302678669048234,83.33333333333334,41.0
Hanumangarh,Guava,Kharif,19507.07115628808,40.93630431322927,7985.47401113626,2463.9103324477296,309.33123526934645,-1.4046529210581769,,,,,51.45740706026686,36.85309187060366,49.09331352963859,41.749180534217636,47.952873903779704,,,50,47.876158609969586,66.66666666666666,25.0
Jaipur,Bajra,Kharif,19885.846636713875,33.38529026964125,6638.94762224262,2488.7235406278105,260.04182090120656,-70.18672056407927,37245.85,,,9.014809614544701,32.65332841481538,43.39615958418229,38.88859852969361,41.593135162386815,66.18937446735359,100.0,,50,54.34485034031584,83.33333333333334,9.0
Sri Ganganagar,Tomato,Kharif,9889.852681934535,27.87992048803189,2757.2830641068376,2520.6183459732238,436.5769868409875,-83.09210130213346,,56.666666666666664,4.0,,18.94346034304534,51.80659444499875,36.97391732119718,45.87352359547812,0.873450258840407,,3.759398496240607,50,25.785326109773038,83.33333333333334,52.0
Nagaur,Maize,Rabi,16152.196346817922,32.661616845860706,5275.56848298878,2510.0202578537096,311.64986800000037,-70.723960353319,63029.7,46.25,2.0,,30.85118476949295,49.0119534740613,38.808892014264686,44.93072889014265,47.095007206815595,83.42798581112653,66.41604010025061,50,50.41899493311815,100.0,28.0
Jaipur,Garlic,Kharif,8797.67369988037,27.086662914003178,2382.9962193605074,2470.5552075866267,261.84331677112203,-157.54974056843614,,,,9.014809614544701,16.968033238549047,38.605298504527816,25.927157397887058,33.53404206187152,65.52284229471277,,,50,37.70299075495797,66.66666666666666,39.0
Jodhpur,Tomato,Rabi,11086.59149848544,43.95130708714339,4872.701874996468,2433.7833337732764,237.13365709591483,191.7071691895963,,56.666666666666664,4.0,,58.965583968648815,28.908815140918865,77.7439658768024,48.442875435272285,74.66512423028207,,3.759398496240607,50,51.183152427509455,83.33333333333334,17.0
Kota,Onion,Kharif,16099.794738290544,34.17640460894064,5502.3309909671125,2616.4830118474365,349.6511976695419,-85.18026394926444,192832.55,57.291666666666664,4.0,,34.62341828193227,77.08542963641491,36.664111213039796,60.91690226706487,33.03496452180643,0.0,0.0,50,33.29447970216701,100.0,43.0
Sri Ganganagar,Citrus,Kharif,13458.39924798992,44.2623610863306,5957.0052715853,2428.3367514203997,416.38292640290416,-107.82273387001561,,,,,59.74019302511921,27.47258984978287,33.30480608666161,29.805476344534366,8.345013864960208,,,50,39.530527473240944,66.66666666666666,44.0
Ajmer,Tomato,Rabi,14811.962708180485,37.8934542194436,5612.764307825431,2398.7974368600517,317.5271365598122,120.12018078079888,,56.666666666666664,4.0,,43.879882751667246,19.683281269515852,67.1231043724992,38.659210510709194,44.92048732709545,,3.759398496240607,50,39.19508910440827,83.33333333333334,32.0
Nagaur,Chilli,Rabi,12042.821860993368,48.94956406354006,5894.908801904956,2529.6622960006016,285.5387662456558,0.00031933499111031616,,,,,71.41260323411416,54.19142017965962,49.301759450895624,52.235555888154025,56.75580614230537,,,50,59.08484387667354,66.66666666666666,8.0
Sri Ganganagar,Citrus,Kharif,13409.227144882678,44.52217733656813,5970.079888907897,2428.3367514203997,416.38292640290416,-107.82273387001561,,,,,60.38720615138686,27.47258984978287,33.30480608666161,29.805476344534366,8.345013864960208,,,50,39.74619851533016,66.66666666666666,42.0
Hanumangarh,Cotton,Rabi,14678.908920136326,28.750851561211118,4220.311314433772,2447.1388047829505,318.03204408467894,163.67429764067967,91569.22,46.875,2.0,,21.11231558557218,32.430558501504706,73.58492450759772,48.89230490394191,44.733677512456296,65.08482408843429,62.65664160401001,50,45.29497927771602,100.0,36.0
Sri Ganganagar,Cumin,Kharif,13339.052083958451,41.04562879173469,5475.097802717737,2400.470749762615,266.32453096541127,55.86597919140456,,,,,51.72965474512377,20.124522061436735,57.59015723616358,35.11077613132747,63.86484602457501,,,50,49.379061088310245,66.66666666666666,21.0
Bhilwara,Garlic,Kharif,20000.0,33.746683162390966,6749.336632478193,2574.8737705489516,323.56940331748535,-332.3045959409121,,,,,33.553295007109476,66.11336663872594,0.0,39.66801998323556,42.68492006495336,,,50,40.29955434422332,66.66666666666666,45.0
Hanumangarh,Garlic,Kharif,12900.823476022244,37.16215169967408,4794.223590666554,2483.5412535473192,225.56342758154267,-81.03265486833611,,,,,42.05874058241913,42.02962708936052,37.27946300533724,40.12956145575121,78.94597235486266,,,50,50.50999105331257,66.66666666666666,19.0
Udaipur,Bajra,Rabi,14663.01585092751,38.42664231088086,5634.504653023677,2561.248476217832,284.2897288141333,94.36005013005138,37245.85,,,,45.2076661124621,62.52047277433954,63.301253697457774,62.83278514358683,57.217935224500515,100.0,,50,61.05684871167553,83.33333333333334,5.0
Ajmer,Citrus,Rabi,16842.500100130277,35.4507300085486,5970.789237186712,2584.4572310757026,254.93179490866285,-104.42694508089691,,,,,37.79683510989754,68.64045748090398,33.8086155530012,54.707720709742865,68.08002366835397,,,50,50.80367529290141,66.66666666666666,13.0
Bhilwara,Opium,Kharif,13408.496557168415,32.65664524063874,4378.765152777749,2429.9112782833595,329.01371240129174,-193.25336973089236,,,,,30.838804120344587,27.887781460896864,20.630059294388005,24.98469259429332,40.67059007244116,,,50,35.07630407974798,66.66666666666666,52.0
Kota,Onion,Rabi,14174.844908545068,21.67483143228788,3072.3737397153845,2616.4830118474365,349.6511976695419,-85.18026394926444,192832.55,57.291666666666664,4.0,,3.491100973468904,77.08542963641491,36.664111213039796,60.91690226706487,33.03496452180643,0.0,0.0,50,25.511400375051164,100.0,53.0
Nagaur,Mango,Rabi,10454.426813404343,53.25921583782536,5567.945741158507,2497.9502589505228,238.95169081755617,17.425379685660598,,,,,82.14480826384589,45.82918002722547,51.88699395792291,48.252305599504446,73.99247324803102,,,50,65.04737889742269,66.66666666666666,3.0
Bhilwara,Gram,Kharif,19934.90314050385,24.75154458648677,4934.196439094761,2540.6647921373474,303.3902739725327,190.92082041466003,46863.89,,,,11.152953512357854,57.09270068795382,77.62730080095115,65.30654073315276,50.150959343146276,93.81821196798955,,50,49.938802468211534,83.33333333333334,29.0
Kota,Citrus,Rabi,16729.6708891673,27.70705735202675,4635.299508066908,2495.9311253092324,282.7288893063056,103.41680843967605,,,,,18.512984120172973,45.296748749421845,64.64494167515527,53.036025919715215,57.795427388468035,,,50,41.87302042967533,66.66666666666666,40.0
Sri Ganganagar,Mango,Kharif,20000.0,45.86370562496422,9172.741124992845,2600.0678677549295,281.3737146772511,108.35022110961363,,,,,63.727976449850146,72.75687209778738,65.3768776578756,69.80487432182267,58.29682597888155,,,50,61.51665716487907,66.66666666666666,4.0
Udaipur,Fenugreek,Kharif,14616.2472255577,44.185341297243376,6458.238721461536,2474.450481514884,309.99347259353544,163.5031687296147,,,,,59.54839280293819,39.63245472272231,73.55953530623303,53.2032869561266,47.707853923513944,,,50,53.57857824064928,66.66666666666666,20.0
Bhilwara,Garlic,Rabi,10180.66103922728,41.2592219973819,4200.461538975751,2574.8737705489516,323.56940331748535,-332.3045959409121,,,,,52.26155991891096,66.11336663872594,0.0,39.66801998323556,42.68492006495336,,,50,46.535642648157136,66.66666666666666,33.0
Ajmer,Fennel,Kharif,12730.94776414709,42.8335320024778,5453.114584774676,2436.16073414115,328.5196270392623,93.04381484032236,,,,,56.18202000245197,29.53571882368292,63.105973060151754,42.96382051827045,40.85339581478181,,,50,48.3550379686458,66.66666666666666,27.0
Jodhpur,Citrus,Rabi,13060.28134727242,39.24943150715355,5126.08618203924,2458.4225639014226,197.3608881143447,-116.02539327617669,,,,,47.25663498816926,35.40600607120435,32.08783479821582,34.07873756200894,89.38057851687498,,,50,52.71599071596714,66.66666666666666,11.0
Jodhpur,Tomato,Rabi,20000.0,46.08377600342365,9216.75520068473,2433.7833337732764,237.13365709591483,191.7071691895963,,56.666666666666664,4.0,,64.27601154556017,28.908815140918865,77.7439658768024,48.442875435272285,74.66512423028207,,3.759398496240607,50,52.7450428913069,83.33333333333334,10.0
Jaipur,Barley,Kharif,14976.082076050148,51.54906661373639,7720.030525510926,2486.549762048151,326.95860071671166,-90.95532017298035,69371.63,,,9.014809614544701,77.88607158032275,42.822949528561324,35.80730645431198,40.016692298861585,41.43095709798808,79.3518469123646,,50,58.99141884045102,83.33333333333334,4.0
Sri Ganganagar,Guava,Kharif,15232.104922942855,32.686599877812654,4978.857189130935,2394.853086415687,286.3322472836942,85.1437581401838,,,,,30.913399313779905,18.643183920706257,61.933896821811175,35.95946908114823,56.46222753962012,,,50,41.186103700823516,66.66666666666666,36.0
Ajmer,Chilli,Kharif,19569.37223180897,41.2579374485338,8073.919354470488,2608.7949394649886,264.64068803063975,-128.41063236395053,,,,,52.258361042915745,75.05813925863812,30.250323373684896,57.13501290465683,64.4878480022325,,,50,55.553026722660235,66.66666666666666,15.0
Kota,Oilseeds,Rabi,11888.261537020631,26.46078524260318,3145.727354390025,2517.5378843437566,305.0890342343076,-116.9471638664763,,,,,15.40942761452278,50.994298474062404,31.95107813340956,43.377010337801266,49.522438130866284,,,50,36.60816625442786,66.66666666666666,46.0
Alwar,Coriander,Rabi,12373.14523984573,32.26424662507753,3992.102095462868,2460.2661253266865,357.49294060823,2.163949460238926,,,,,29.861624845509994,35.8921401959052,49.62276214171382,41.38438897422864,30.133612348037758,,,50,37.016434477905186,66.66666666666666,51.0
Nagaur,Pulses,Rabi,17778.532642594924,43.50360773082874,7734.303101131837,2459.371126676146,256.01283944614437,84.74656805222712,,,,,57.85069080899334,35.65613537413659,61.87496850244983,46.143668625461885,67.68004997076073,,,50,55.12455189727311,66.66666666666666,17.0
Sri Ganganagar,Tomato,Kharif,10804.297278542575,44.01696804737271,4755.724080839245,2520.6183459732238,436.5769868409875,-83.09210130213346,,56.666666666666664,4.0,,59.12909761767141,51.80659444499875,36.97391732119718,45.87352359547812,0.873450258840407,,3.759398496240607,50,37.60463119054541,83.33333333333334,46.0
Bhilwara,Sugarcane,Rabi,13048.07229263452,25.538784031357874,3332.319003071376,2626.7664802046993,346.505037229815,106.38506022855107,,,,,13.113393838479102,79.7971075985588,65.08532046270135,73.91239274421582,34.199006687202086,,,50,40.920904015391,66.66666666666666,41.0
Udaipur,Cumin,Kharif,13222.818227283393,37.43339778172514,4949.750144973449,2503.771507611252,264.7574991071007,29.354549146630738,,,,,42.73421709851565,47.36420217705404,53.65684151713044,49.881257913084596,64.44462928500852,,,50,50.43533366666281,66.66666666666666,28.0
Alwar,Opium,Kharif,15145.56488383448,33.3945005963745,5057.7857554563925,2559.528576753733,319.07460955994225,1.87730635118284,,,,,32.676264633347415,62.06694743523482,49.58023490554818,57.072262423360165,44.34794061294281,,,50,44.980946313267076,66.66666666666666,28.0
Sri Ganganagar,Bajra,Kharif,15811.370477339517,46.10061629245931,7289.139234337482,2389.0132934877433,326.88810338919103,197.05452097240195,37245.85,,,,64.31794844537397,17.10327177861227,78.53731511473444,41.676889113061144,41.45704027567524,100.0,,50,59.03713441700777,83.33333333333334,5.0
Jodhpur,Maize,Kharif,14283.155859400773,35.73151752097816,5103.588338450405,2520.3558881303966,305.29888583810265,-153.18910357623318,63029.7,46.25,2.0,,38.49607238265426,51.73738616587923,26.574114653586296,41.67207756096205,49.444795518554194,83.42798581112653,66.41604010025061,50,52.030954817333146,100.0,22.0
Nagaur,Sugarcane,Kharif,13269.686008295002,27.478400460356667,3646.297461191218,2497.4869353255785,222.54249571330547,140.38657747721078,,,,,17.943566271263016,45.70700486030189,70.12988810915668,55.476158159843806,80.06368142939442,,,50,46.78756721892491,66.66666666666666,39.0
Alwar,Cotton,Rabi,16502.75156287314,35.32127011512427,5828.981455950315,2557.4958318309104,242.7009518956899,95.62610013976284,91569.22,46.875,2.0,,37.474444765590086,61.53092695864293,63.48908869526325,62.31419165329106,72.6052909769313,65.08482408843429,62.65664160401001,50,56.250630942261566,100.0,10.0
Jaipur,Coriander,Kharif,15297.996916287677,49.26390136290309,7536.390111339918,2537.8802144321417,304.9340956843572,262.18440713967624,,,,9.014809614544701,72.19538860099352,56.35842721768534,88.20018145607989,69.09512891304315,49.57976356249721,,,50,62.40644995630879,66.66666666666666,3.0
Sri Ganganagar,Maize,Kharif,9991.784156635884,32.131009825162614,3210.461149077717,2523.743736224537,215.29733947567934,98.90388588126542,63029.7,46.25,2.0,,29.529828976821882,52.63073777613464,63.97539087356525,57.168599015106885,82.74430357726183,83.42798581112653,66.41604010025061,50,57.88362446551017,100.0,6.0
Ajmer,Coriander,Kharif,13012.12872316246,44.33743688134251,5769.244359551194,2499.974432970563,301.7801518738215,98.70492257629785,,,,,59.92715217333754,46.36294041729961,63.94587207757356,53.3961130814092,50.74668548306872,,,50,54.36401797610204,66.66666666666666,19.0
Kota,Fennel,Rabi,12710.22253037245,38.99654441227459,4956.547573955623,2522.877054600091,348.11305172561777,-17.9805857599266,,,,,46.62687734329218,52.40219995411226,46.634058141202416,50.094943228948324,33.60406033543741,,,50,45.62175604257109,66.66666666666666,31.0
Jaipur,Sugarcane,Kharif,10117.37268635051,25.95833647705759,2626.301644560786,2517.906082920902,248.36920773888392,-63.48268798653927,,,,9.014809614544701,14.15819353548512,51.09138983785629,39.88322902203654,46.608125511528385,70.50810333118591,,,50,41.24985198113979,66.66666666666666,32.0
Udaipur,Pulses,Rabi,15779.167505164443,43.42342486187785,6851.854945434928,2473.6452711224865,329.12141518269215,245.54861932068482,,,,,57.651013657677375,39.42012643035088,85.73204580227201,57.94489417911933,40.6307413167015,,,50,52.79512459699791,66.66666666666666,23.0
Udaipur,Citrus,Rabi,16915.77737633212,25.03200826130381,4234.3587903072175,2441.090367696757,320.9339084147643,103.0029107565951,,,,,11.8513843413841,30.835628368767786,64.58353456659174,44.33479084789737,43.660022019295816,,,50,34.50507674375983,66.66666666666666,55.0
Hanumangarh,Guava,Kharif,14801.76060405805,40.219985500390585,5953.265968754673,2463.9103324477296,309.33123526934645,-1.4046529210581769,,,,,49.67357839645011,36.85309187060366,49.09331352963859,41.749180534217636,47.952873903779704,,,50,47.281549055364025,66.66666666666666,27.0
Sri Ganganagar,Onion,Kharif,13044.491676593523,43.870945249424246,5722.741801504047,2579.646327014895,299.33065418109754,-116.26178342479348,192832.55,57.291666666666664,4.0,,58.76546113642511,67.37185606487819,32.05276324282222,53.2442189360558,51.652970668771964,0.0,0.0,50,40.588154671633234,100.0,41.0
Udaipur,Gram,Kharif,12418.759904148144,47.18522857546128,5859.820247010037,2603.7957709132465,322.89173511630725,155.1937871808549,46863.89,,,,67.01892801601991,73.73989382627603,72.32673039884088,73.17462845530197,42.935649287264596,93.81821196798955,,50,66.00304098150389,83.33333333333334,5.0
Kota,Maize,Kharif,18018.87842764332,46.34448887656019,8350.757108580063,2523.370542458299,279.19989724667636,104.15186373847227,63029.7,46.25,2.0,,64.92525750670416,52.532329216263705,64.75399669618699,57.42099620823302,59.101112726979075,83.42798581112653,66.41604010025061,50,63.236482409063555,100.0,3.0
Hanumangarh,Guava,Rabi,17507.076336195427,39.70968497865663,6952.004862076145,2463.9103324477296,309.33123526934645,-1.4046529210581769,,,,,48.402791309032565,36.85309187060366,49.09331352963859,41.749180534217636,47.952873903779704,,,50,46.85795335955817,66.66666666666666,29.0
Jaipur,Cotton,Rabi,16589.41253374585,41.61258541172864,6903.283459909007,2473.7971420445647,281.40576174145417,-148.18492090467234,91569.22,46.875,2.0,9.014809614544701,53.14153092617503,39.4601737196683,27.316550287187418,34.60272434667594,58.28496894402138,65.08482408843429,62.65664160401001,50,52.4770607161483,100.0,19.0
Sri Ganganagar,Cumin,Kharif,7585.066499618132,41.929743278582045,3180.398910799612,2400.470749762615,266.32453096541127,55.86597919140456,,,,,53.931340273225494,20.124522061436735,57.59015723616358,35.11077613132747,63.86484602457501,,,50,50.112956264344156,66.66666666666666,17.0
Udaipur,Gram,Rabi,16731.21638154162,36.039980227754405,6029.927075770406,2603.7957709132465,322.89173511630725,155.1937871808549,46863.89,,,,39.26422841625809,73.73989382627603,72.32673039884088,73.17462845530197,42.935649287264596,93.81821196798955,,50,58.29340220379227,83.33333333333334,9.0
Nagaur,Garlic,Kharif,16113.437620113926,44.98943222445194,7249.344097130496,2428.881188152318,438.93773865232663,237.26687922204516,,,,,61.550797903239015,27.616153970022683,84.5033418637854,50.37102912752776,0.0,,,50,43.94920706842041,66.66666666666666,45.0
Ajmer,Fennel,Rabi,15259.7693624187,40.24861015598558,6141.845081382428,2436.16073414115,328.5196270392623,93.04381484032236,,,,,49.74486157403396,29.53571882368292,63.105973060151754,42.96382051827045,40.85339581478181,,,50,46.20931849250647,66.66666666666666,24.0
Bhilwara,Opium,Kharif,18503.346184979426,42.27998838393816,7823.212617649164,2429.9112782833595,329.01371240129174,-193.25336973089236,,,,,54.80354584300501,27.887781460896864,20.630059294388005,24.98469259429332,40.67059007244116,,,50,43.06455132063479,66.66666666666666,40.0
Jodhpur,Pulses,Rabi,16012.807986225607,46.65248758343796,7470.373257533663,2535.5523445354847,295.1493256969267,244.31185747382054,,,,,65.69225805436503,55.744584370291875,85.54855608463868,67.6661730560306,53.20001277173835,,,50,60.58173472074417,66.66666666666666,3.0
Sri Ganganagar,Onion,Rabi,13537.18132778252,26.24330150901044,3552.603311671429,2579.646327014895,299.33065418109754,-116.26178342479348,192832.55,57.291666666666664,4.0,,14.867833968030098,67.37185606487819,32.05276324282222,53.2442189360558,51.652970668771964,0.0,0.0,50,29.61374787953448,100.0,47.0
Hanumangarh,Pulses,Kharif,16183.356427134891,34.8111902664936,5633.618997354747,2463.7618975280384,244.56341874289987,37.671945493833434,,,,,36.204207214216986,36.813950630843344,54.89083552419194,44.04470458818278,71.9162002635562,,,50,48.196563680965646,66.66666666666666,24.0
Hanumangarh,Citrus,Rabi,15869.32457068924,56.917817779695255,9032.473242013308,2571.402333724482,212.84995453571568,-33.963846166040575,,,,,91.25572214245827,65.19797327076363,44.26273342237002,56.82387733140618,83.64980706942299,,,50,72.30156941641233,66.66666666666666,1.0
Jodhpur,Onion,Kharif,17613.374110295077,46.89588431897927,8259.947547433023,2547.5992270005777,308.0393110213099,-0.2369688859005949,192832.55,57.291666666666664,4.0,,66.29838212336361,58.921262175699674,49.26655465479076,55.059379167336104,48.430870601030826,0.0,0.0,50,42.35110195446275,100.0,41.0
Sri Ganganagar,Barley,Kharif,18603.641766491837,29.18989766581208,5430.383993753241,2552.3739575866252,268.02531449301875,115.60820513872446,69371.63,,,,22.20565979500404,60.1803249019651,66.45369405827269,62.689672564488134,63.235576227858175,79.3518469123646,,50,52.197181036313395,83.33333333333334,16.0
Bhilwara,Maize,Kharif,8885.626394466439,24.7132547453803,2195.9274865872417,2564.7389671263845,280.1952312617438,24.789414604952373,63029.7,46.25,2.0,,11.057601394174563,63.4408905696742,52.97954438823322,59.2563520970978,58.732850909316774,83.42798581112653,66.41604010025061,50,50.08140028605476,100.0,27.0
Udaipur,Garlic,Kharif,9387.624236922433,25.581758087057032,2401.5193224114305,2462.7378247895363,244.39478718466185,229.34751403980107,,,,,13.220410924981168,36.54390988387423,83.3284009608059,55.257706314646896,71.97859194636004,,,50,43.5379103815049,66.66666666666666,41.0
Sri Ganganagar,Bajra,Rabi,15055.255137568654,56.89375572522771,8565.500081778106,2389.0132934877433,326.88810338919103,197.05452097240195,37245.85,,,,91.1958010825891,17.10327177861227,78.53731511473444,41.676889113061144,41.45704027567524,100.0,,50,66.50320459401199,83.33333333333334,4.0
Bhilwara,Mustard,Rabi,15980.782121292488,40.14336588853376,6415.2238387998295,2485.7560886235715,246.2831469107493,-116.45285887458363,,,,,49.48277472441043,42.61366345310493,32.024414712814156,38.37796395698862,71.27992117393383,,,50,50.98436619812054,66.66666666666666,26.0
Nagaur,Wheat,Rabi,17488.216743550467,34.7927532391192,6084.632097505841,2556.8332538105415,257.89704597663444,-13.331204343264167,74052.11,40.666666666666664,3.0,,36.15829400166894,61.35620981520303,47.32385439055804,55.743267645345036,66.98291583160199,76.34356921253551,100.0,50,59.187199786106866,100.0,7.0
Ajmer,Pulses,Rabi,15706.843674325695,28.77463975222522,4519.587683732394,2522.4990034676835,334.52840056174574,-122.27702636882337,,,,,21.171554650958644,52.302510541095394,31.160323657873462,43.84563578780662,38.630220653666726,,,50,36.47539855780133,66.66666666666666,37.0
Hanumangarh,Bajra,Rabi,10564.241262660476,50.51054122229044,5336.055437798334,2344.058933480805,270.949323127899,-83.43510362909235,37245.85,,,,75.29986090407183,5.249124607827964,36.92302846148596,17.91868614929116,62.15372760373745,100.0,,50,60.257512884929795,83.33333333333334,8.0
Ajmer,Mango,Rabi,16015.489222483242,42.85908852337612,6864.092703315854,2419.4769442393545,287.406076742593,-92.70255297494792,,,,,56.24566269018929,25.136321282892542,35.5480817262161,29.301025460221965,56.064923335798056,,,50,47.775145686615225,66.66666666666666,21.0
Nagaur,Wheat,Kharif,16898.345598318854,57.0098269546829,9633.717583805854,2556.8332538105415,257.89704597663444,-13.331204343264167,74052.11,40.666666666666664,3.0,,91.48485001224948,61.35620981520303,47.32385439055804,55.743267645345036,66.98291583160199,76.34356921253551,100.0,50,73.01883878875199,100.0,1.0
Kota,Pulses,Kharif,15545.598765175486,46.07891597832242,7163.24339333234,2492.3657509338323,221.86103658887066,146.55688084479675,,,,,64.26390876125929,44.35658471286537,71.04533292620128,55.03208399819974,80.31581324849027,,,50,62.15968796963775,66.66666666666666,4.0
Jodhpur,Fenugreek,Rabi,13621.917301379268,25.89043923408433,3526.774221430819,2600.736397971686,276.76488909499176,118.47205023916065,,,,,13.989110934220106,72.93315879336765,66.87858275463489,70.51132837787455,60.00203695380874,,,50,45.46646526960167,66.66666666666666,33.0
Udaipur,Maize,Kharif,17491.007449632736,23.220542697133784,4061.50685300082,2492.3303941659274,322.9184962728597,77.5853786907775,63029.7,46.25,2.0,,7.340342415683396,44.34726138293335,60.81251285087643,50.93336197011058,42.92574797573945,83.42798581112653,66.41604010025061,50,45.11642207599793,100.0,37.0
Sri Ganganagar,Barley,Rabi,15214.698711658177,41.463089923680194,6308.4842084318425,2552.3739575866252,268.02531449301875,115.60820513872446,69371.63,,,,52.76924650209954,60.1803249019651,66.45369405827269,62.689672564488134,63.235576227858175,79.3518469123646,,50,60.687066232728824,83.33333333333334,7.0
Hanumangarh,Gram,Rabi,16436.939477239175,38.13756747744248,6268.64888435847,2622.345889535429,251.59729286419295,34.662965248196464,46863.89,,,,44.48779115646041,78.6314290666602,54.44441413996499,68.95662309598212,69.31375000072688,93.81821196798955,,50,63.20340744846555,83.33333333333334,5.0
Udaipur,Chilli,Rabi,18112.619832773697,34.44876905927021,6239.574576775785,2565.603941010463,295.2578382433757,152.0568742817712,,,,,35.30167983920899,63.66897807262543,71.86132854030795,66.94591825969843,53.159864412504625,,,50,50.25144436482351,66.66666666666666,27.0
Ajmer,Coriander,Rabi,14190.375194119886,38.95466799418602,5527.813543998732,2499.974432970563,301.7801518738215,98.70492257629785,,,,,46.52259367296899,46.36294041729961,63.94587207757356,53.3961130814092,50.74668548306872,,,50,49.89583180931252,66.66666666666666,17.0
Hanumangarh,Sugarcane,Kharif,13667.120219771665,42.63360023111571,5826.785397603434,2572.8001730510396,215.28116223946355,112.79936715658984,,,,,55.684135515584984,65.56657362667048,66.03696638388136,65.75473072955484,82.75028896339693,,,50,62.646031159089006,66.66666666666666,2.0
Jaipur,Barley,Kharif,17270.965849936056,41.92367692939938,7240.623925514087,2486.549762048151,326.95860071671166,-90.95532017298035,69371.63,,,9.014809614544701,53.91623341387346,42.822949528561324,35.80730645431198,40.016692298861585,41.43095709798808,79.3518469123646,,50,52.33313046088177,83.33333333333334,11.0
Alwar,Fenugreek,Rabi,17608.817760316982,42.30738354979509,7449.830068441744,2359.135988491312,304.8512703955566,-195.70255046636964,,,,,54.87176725675226,9.224837507955517,20.26669145382503,13.641579086303322,49.61040794010352,,,50,41.85042509661901,66.66666666666666,40.0
Bhilwara,Mustard,Rabi,16240.304709671102,39.256130311241726,6375.315179771215,2485.7560886235715,246.2831469107493,-116.45285887458363,,,,,47.273316832247076,42.61366345310493,32.024414712814156,38.37796395698862,71.27992117393383,,,50,50.24788023406609,66.66666666666666,28.0
Kota,Mustard,Rabi,12678.63240268928,27.90801333733104,3538.354421933699,2384.9080130746947,310.1454691446306,154.8290104522878,,,,,19.013419178315242,16.02073833388955,72.2726110232362,38.52148740962821,47.65161699667595,,,50,36.14052643467446,66.66666666666666,49.0
Nagaur,Garlic,Kharif,9663.839253287164,39.68734539687012,3835.321263050391,2428.881188152318,438.93773865232663,237.26687922204516,,,,,48.34715967460636,27.616153970022683,84.5033418637854,50.37102912752776,0.0,,,50,39.54799432554285,66.66666666666666,56.0
Nagaur,Chilli,Kharif,16963.09696906217,36.140874706678325,6130.6116219611085,2529.6622960006016,285.5387662456558,0.00031933499111031616,,,,,39.51548310941924,54.19142017965962,49.301759450895624,52.235555888154025,56.75580614230537,,,50,48.452470501775224,66.66666666666666,36.0
Nagaur,Citrus,Rabi,15839.90587895946,39.78212729369262,6301.451519968753,2386.835587168326,274.4543611575065,-26.518223732402717,,,,,48.583192375873644,16.529026005763225,45.36738842237394,28.06437097240751,60.85690497312404,,,50,45.849610712558025,66.66666666666666,36.0
Jodhpur,Fennel,Rabi,20000.0,36.213736862083096,7242.747372416618,2474.2233424916312,285.57610170330025,162.74239573087576,,,,,39.69692969296411,39.57255976682815,73.44666472967407,53.122201751966514,56.74199246439698,,,50,48.74662885772517,66.66666666666666,26.0
Ajmer,Citrus,Kharif,15328.184383814678,49.001180322541565,7510.991270084687,2584.4572310757026,254.93179490866285,-104.42694508089691,,,,,71.54114175729073,68.64045748090398,33.8086155530012,54.707720709742865,68.08002366835397,,,50,62.05177750869913,66.66666666666666,5.0
Alwar,Citrus,Rabi,16443.02769521014,33.54835526657405,5516.36534777026,2478.8542222968263,263.59636121257967,340.7124223410011,,,,,33.05940460656188,40.79369005836211,99.85083462922822,64.41654788670856,64.8742365777563,,,50,51.172394954194175,66.66666666666666,20.0
Udaipur,Fenugreek,Kharif,12628.576633664065,35.9773742002121,4543.430271653869,2474.450481514884,309.99347259353544,163.5031687296147,,,,,39.108322380487365,39.63245472272231,73.55953530623303,53.2032869561266,47.707853923513944,,,50,46.76522143316567,66.66666666666666,30.0
Kota,Fenugreek,Kharif,20000.0,30.267689065133,6053.5378130266,2455.3127982296883,273.32526198793164,-30.717156341979056,,,,,24.889653510183457,34.58598283132947,44.744422116576224,38.64935854542817,61.274658316438114,,,50,40.857978445462955,66.66666666666666,30.0
Jodhpur,Mustard,Kharif,19779.55987991819,26.0126584937834,5145.189363136513,2556.6525166723172,348.6342084700552,-54.166978037472646,,,,,14.293470131290029,61.30855070860234,41.265335845951164,53.291264763541875,33.4112385016729,,,50,35.657741681042424,66.66666666666666,46.0
Udaipur,Pulses,Rabi,12031.185539224258,39.162735676978336,4711.741391533236,2473.6452711224865,329.12141518269215,245.54861932068482,,,,,47.04073879205083,39.42012643035088,85.73204580227201,57.94489417911933,40.6307413167015,,,50,49.25836630845573,66.66666666666666,30.0
Hanumangarh,Garlic,Kharif,15167.174736866084,46.31861749331754,7025.2256509120925,2483.5412535473192,225.56342758154267,-81.03265486833611,,,,,64.8608307260952,42.02962708936052,37.27946300533724,40.12956145575121,78.94597235486266,,,50,58.11068776787126,66.66666666666666,9.0
Alwar,Guava,Kharif,9922.606110855542,53.84565607943797,5342.892360568571,2449.5066072578297,393.12308276116,-215.55321920132823,,,,,83.6052039617595,33.05493128768682,17.321586371350463,26.761593321152276,16.950881009437623,,,50,48.395002408114635,66.66666666666666,24.0
Jaipur,Sugarcane,Kharif,14525.976304263031,32.34867421748112,4698.960751574552,2517.906082920902,248.36920773888392,-63.48268798653927,,,,9.014809614544701,30.07187251267613,51.09138983785629,39.88322902203654,46.608125511528385,70.50810333118591,,,50,46.55441164020346,66.66666666666666,24.0
Nagaur,Chilli,Rabi,11963.686874219497,24.09097205714709,2882.168461872793,2529.6622960006016,285.5387662456558,0.00031933499111031616,,,,,9.507948255974329,54.19142017965962,49.301759450895624,52.235555888154025,56.75580614230537,,,50,38.44995888396026,66.66666666666666,48.0
Bhilwara,Maize,Rabi,17469.511751885744,34.000318889352066,5939.689704053988,2564.7389671263845,280.1952312617438,24.789414604952373,63029.7,46.25,2.0,,34.18491694947929,63.4408905696742,52.97954438823322,59.2563520970978,58.732850909316774,83.42798581112653,66.41604010025061,50,55.86322917488094,100.0,18.0
Hanumangarh,Guava,Rabi,11130.117300776838,38.35835795481827,4269.330235023136,2463.9103324477296,309.33123526934645,-1.4046529210581769,,,,,45.03761949432008,36.85309187060366,49.09331352963859,41.749180534217636,47.952873903779704,,,50,45.73622942132068,66.66666666666666,34.0
Nagaur,Maize,Kharif,13992.645902129616,53.827888237598586,7531.945797681248,2510.0202578537096,311.64986800000037,-70.723960353319,63029.7,46.25,2.0,,83.56095720319448,49.0119534740613,38.808892014264686,44.93072889014265,47.095007206815595,83.42798581112653,66.41604010025061,50,63.596438041543536,100.0,7.0
Nagaur,Coriander,Rabi,14221.225945909186,34.1784994665355,4860.601634057379,2493.3520104450463,351.9994672351066,131.9883035446136,,,,,34.628635047089546,44.61665437891584,68.88389485960194,54.32355057119028,32.16613254632398,,,50,42.46238501061205,66.66666666666666,41.0
Sri Ganganagar,Wheat,Rabi,14262.770807742168,30.963632603658773,4416.27195201118,2534.583143620669,359.8771878092114,30.532576180596187,74052.11,40.666666666666664,3.0,,26.62274219942315,55.489012935607654,53.83161716077988,54.82605462567655,29.251469072817542,76.34356921253551,100.0,50,50.960152217794054,100.0,23.0
Sri Ganganagar,Mango,Kharif,6909.340071175285,25.01607878624529,1728.4459558148258,2600.0678677549295,281.3737146772511,108.35022110961363,,,,,11.811715616090767,72.75687209778738,65.3768776578756,69.80487432182267,58.29682597888155,,,50,44.21123688695928,66.66666666666666,29.0
Kota,Cumin,Kharif,14307.196409373966,28.601265976170243,4092.039298778127,2520.4668265037953,339.84015462105606,80.26499209675144,,,,,20.739806795481535,51.766639831262374,61.21006837741157,55.54401124972205,36.66493445300956,,,50,39.057992155688304,66.66666666666666,34.0
Jaipur,Mustard,Rabi,20000.0,38.28079137089924,7656.158274179847,2367.260852629111,304.6430084906978,-143.19091570599858,,,,9.014809614544701,44.84445760429407,11.367306786068463,28.057475960216095,18.043374455727516,49.687462382604316,,,50,39.697211532812894,66.66666666666666,33.0
Bhilwara,Mango,Rabi,14193.333928335507,30.461329203981464,4323.478172930674,2470.8879837233767,349.00917395365167,-75.6934263913202,,,,,25.371870120933192,38.693049221017844,38.07160704512268,38.44447235065978,33.27250570598872,,,50,35.36365047501808,66.66666666666666,49.0
Udaipur,Cumin,Rabi,20000.0,47.36237605016008,9472.475210032017,2503.771507611252,264.7574991071007,29.354549146630738,,,,,67.46007340746675,47.36420217705404,53.65684151713044,49.881257913084596,64.44462928500852,,,50,58.6772857696465,66.66666666666666,8.0
Kota,Oilseeds,Rabi,15041.78787573884,41.74825616292042,6279.6841338465565,2517.5378843437566,305.0890342343076,-116.9471638664763,,,,,53.479387995513164,50.994298474062404,31.95107813340956,43.377010337801266,49.522438130866284,,,50,49.298153048091315,66.66666666666666,22.0
Sri Ganganagar,Tomato,Kharif,15594.254282303566,36.60536578303068,5708.333821173145,2520.6183459732238,436.5769868409875,-83.09210130213346,,56.666666666666664,4.0,,40.67219221887412,51.80659444499875,36.97391732119718,45.87352359547812,0.873450258840407,,3.759398496240607,50,32.176129602663856,83.33333333333334,50.0
Bhilwara,Citrus,Kharif,13279.013979359292,28.72736223997047,3814.7104477468615,2521.2294029530503,280.30322522981425,-68.6014904709033,,,,,21.05382078720633,51.967725853998495,39.12378804731839,46.830150731326455,58.692894417951926,,,50,41.24455934101289,66.66666666666666,42.0
Hanumangarh,Gram,Kharif,14901.740189352004,33.80521461252151,5037.565252010815,2622.345889535429,251.59729286419295,34.662965248196464,46863.89,,,,33.69905423694718,78.6314290666602,54.44441413996499,68.95662309598212,69.31375000072688,93.81821196798955,,50,60.20653608193408,83.33333333333334,6.0
Sri Ganganagar,Fenugreek,Kharif,12861.462651968508,38.57963254043937,4961.905030455298,2525.1591971442017,249.3866212874332,3.0293062020164303,,,,,45.58865339337529,53.00398482166284,49.75114907781106,51.70285052412213,70.13167234718338,,,50,53.00997907366101,66.66666666666666,15.0
Sri Ganganagar,Barley,Rabi,14235.068347737431,40.12775081454539,5712.2127548603,2552.3739575866252,268.02531449301875,115.60820513872446,69371.63,,,,49.44388894329058,60.1803249019651,66.45369405827269,62.689672564488134,63.235576227858175,79.3518469123646,,50,59.76335579972631,83.33333333333334,10.0
Nagaur,Barley,Rabi,7047.090574820964,33.39716834095819,2353.528702412756,2570.1274617512154,181.80305849070606,53.49096807035679,69371.63,,,,32.682908042917056,64.86179853726325,57.23779342329045,61.812196491674136,95.13679153617322,79.3518469123646,,50,60.22940230704974,83.33333333333334,6.0
Ajmer,Pulses,Kharif,18738.255577492888,25.552360562753574,4788.066628331264,2522.4990034676835,334.52840056174574,-122.27702636882337,,,,,13.14720309411331,52.302510541095394,31.160323657873462,43.84563578780662,38.630220653666726,,,50,33.80061470551954,66.66666666666666,53.0
Jodhpur,Wheat,Kharif,13971.937217758954,42.05307198846011,5875.628816366624,2618.2501495852725,309.97669689325267,25.493473045584977,74052.11,40.666666666666664,3.0,,54.238462302982335,77.5514113746072,53.084000621902305,67.76444707352525,47.71406073427814,76.34356921253551,100.0,50,63.221149482472676,100.0,3.0
Kota,Pulses,Kharif,10777.464915846536,35.334388383489376,3808.1513112595217,2492.3657509338323,221.86103658887066,146.55688084479675,,,,,37.50711282164264,44.35658471286537,71.04533292620128,55.03208399819974,80.31581324849027,,,50,53.24075598976554,66.66666666666666,14.0
Ajmer,Chilli,Kharif,11668.272463602514,31.4983029292968,3675.307807201242,2608.7949394649886,264.64068803063975,-128.41063236395053,,,,,27.954216726506566,75.05813925863812,30.250323373684896,57.13501290465683,64.4878480022325,,,50,47.451645283857175,66.66666666666666,29.0
Jaipur,Citrus,Rabi,17807.035179442384,41.134251145106624,7324.790572209318,2464.519365801934,371.7798696142649,-249.35942641249684,,,,9.014809614544701,51.950348507965586,37.01368966382193,12.305995511105888,27.13061200273551,24.847617531294546,,,50,39.52113620964358,66.66666666666666,34.0
Jodhpur,Mango,Kharif,17165.016192129704,34.893867780804115,5989.538054635356,2493.8565053632315,268.6946478330232,-149.53464909138785,,,,,36.41009671095624,44.74968612502805,27.116300542671024,37.69633189208524,62.98793080563745,,,50,44.786640236002306,66.66666666666666,37.0
Alwar,Sugarcane,Rabi,13426.43920116068,36.84477534857627,4946.941360980831,2441.395499450784,295.1848422073701,-119.79896052809897,,,,,41.26838715017816,30.916089456817065,31.52797697976742,31.160844465997208,53.18687208278881,,,50,42.70306199088307,66.66666666666666,37.0
Udaipur,Oilseeds,Kharif,11333.616573324163,49.06622682693085,5560.978015561861,2548.9578021351304,296.33628093271363,-146.77735057676895,,,,,71.70312524415584,59.27950884154187,27.525381666220415,46.57785797141329,52.76085336796266,,,50,56.87397454735469,66.66666666666666,13.0
Udaipur,Mustard,Kharif,14279.023805525594,44.383731202221554,6337.563544145706,2389.0634142342865,358.55290737834696,174.53150876857504,,,,,60.04243762316218,17.116488265416674,75.19573309551963,40.348186197457856,29.741437175165302,,,50,46.72194962874255,66.66666666666666,31.0
Ajmer,Citrus,Kharif,17132.879904610476,39.79166518985116,6817.458209021891,2584.4572310757026,254.93179490866285,-104.42694508089691,,,,,48.60694433136493,68.64045748090398,33.8086155530012,54.707720709742865,68.08002366835397,,,50,54.40704503339054,66.66666666666666,18.0
Alwar,Sugarcane,Kharif,13917.10150254276,34.079813709439115,4742.922265820125,2441.395499450784,295.1848422073701,-119.79896052809897,,,,,34.382880671993114,30.916089456817065,31.52797697976742,31.160844465997208,53.18687208278881,,,50,40.40789316482139,66.66666666666666,35.0
Kota,Mustard,Rabi,11756.810017200309,40.62200554250225,4775.85201680857,2384.9080130746947,310.1454691446306,154.8290104522878,,,,,50.67471764016993,16.02073833388955,72.2726110232362,38.52148740962821,47.65161699667595,,,50,46.69429258862602,66.66666666666666,30.0
Ajmer,Guava,Kharif,16779.30377390515,41.84771751308075,7021.755643965525,2412.8008382633275,216.4704089676421,-51.84639801066651,,,,,53.72707380827971,23.375879297835656,41.60962409752023,30.669377217709485,82.31028173452884,,,50,52.54958154105487,66.66666666666666,20.0
Kota,Maize,Rabi,15978.399066726352,25.07527564180321,4006.6276091289446,2523.370542458299,279.19989724667636,104.15186373847227,63029.7,46.25,2.0,,11.959131886415381,52.532329216263705,64.75399669618699,57.42099620823302,59.101112726979075,83.42798581112653,66.41604010025061,50,49.99495100399136,100.0,21.0
Ajmer,Oilseeds,Rabi,17772.081057620704,43.19171346680668,7676.066327496161,2447.799582163897,314.04850300284903,-88.91766259816136,,,,,57.07398926455426,32.60480082904881,36.10961947761954,34.006728288477106,46.20754061501262,,,50,47.334632088114496,66.66666666666666,22.0
Jodhpur,Oilseeds,Kharif,13431.83093844288,40.43807740048144,5431.574191189345,2505.795658348279,342.47291786105546,-161.82365843715024,,,,,50.21668654292837,47.897956427562015,25.293066052890612,38.856000277693454,35.69084318157745,,,50,44.23866422467654,66.66666666666666,39.0
Nagaur,Cumin,Kharif,12886.968928371722,36.10880836230211,4653.330914055163,2561.3516865774504,264.64972231186954,-113.19591514427711,,,,,39.435629190721464,62.54768861708045,32.50762470747631,50.531663053238795,64.48450542499049,,,50,49.51722096276893,66.66666666666666,30.0
Nagaur,Fennel,Kharif,10330.112479428288,49.43055226556753,5106.231648235714,2479.779539577975,265.03635760448805,72.69541893171021,,,,,72.61039467328372,41.03768968884762,60.08702367306535,48.657423282534715,64.34145493794124,,,50,60.04706875402541,66.66666666666666,14.0
Udaipur,Pulses,Kharif,11158.71194251115,31.3937127401494,3503.1339727326954,2473.6452711224865,329.12141518269215,245.54861932068482,,,,,27.69375870975312,39.42012643035088,85.73204580227201,57.94489417911933,40.6307413167015,,,50,42.80937294768982,66.66666666666666,43.0
Bhilwara,Fennel,Kharif,8754.211776348835,52.526729288147806,4598.301121073908,2497.525620636629,198.78146915174207,13.04575819291319,,,,,80.32071753810183,45.71720590354815,51.237220104466275,47.9252115839154,88.85498032867972,,,50,67.324625000814,66.66666666666666,3.0
Nagaur,Barley,Kharif,15633.052401607856,37.31897403021095,5834.094765885306,2570.1274617512154,181.80305849070606,53.49096807035679,69371.63,,,,42.44927083699897,64.86179853726325,57.23779342329045,61.812196491674136,95.13679153617322,79.3518469123646,,50,62.94228086096139,83.33333333333334,10.0
Sri Ganganagar,Tomato,Kharif,13365.24273957315,26.975547449829303,3605.347396998421,2520.6183459732238,436.5769868409875,-83.09210130213346,,56.666666666666664,4.0,,16.691325512276755,51.80659444499875,36.97391732119718,45.87352359547812,0.873450258840407,,3.759398496240607,50,25.12293351248816,83.33333333333334,53.0
Udaipur,Sugarcane,Rabi,14887.095892725454,45.65307076732716,6796.416423105806,2510.1623974946974,306.386771961464,-106.60383728865102,,,,,63.20343836720096,49.049434693298146,33.48564525962436,42.82391891982863,49.042290515074036,,,50,52.29598260403609,66.66666666666666,24.0
Jodhpur,Coriander,Kharif,15342.682945986118,37.11741182030079,5694.806813344725,2532.678328525161,334.92938127967636,58.81137928647677,,,,,41.94732611471095,54.98672665076675,58.027145677497124,56.202894261458894,38.48186252885909,,,50,46.66625301373117,66.66666666666666,32.0
Hanumangarh,Barley,Kharif,13909.163363358432,47.4544688131122,6600.519590429754,2560.6338826366573,321.0677540011331,66.57337261613232,69371.63,,,,67.68940943402323,62.3584087885473,59.17873841779833,61.08654064024771,43.6105007348063,79.3518469123646,,50,61.20445848181221,83.33333333333334,5.0
Nagaur,Fennel,Rabi,15923.405306676175,27.38808582219087,4361.115911207767,2479.779539577975,265.03635760448805,72.69541893171021,,,,,17.718658259027595,41.03768968884762,60.08702367306535,48.657423282534715,64.34145493794124,,,50,41.749823282606705,66.66666666666666,42.0
Bhilwara,Chilli,Rabi,10955.44373368286,52.580820810192094,5760.462238569204,2603.492182982168,277.12562521838623,-6.155608085795384,,,,,80.45542013946127,73.6598398334325,48.38844749267556,63.551282897129724,59.868568853164454,,,50,65.73919592302124,66.66666666666666,9.0
Bhilwara,Gram,Kharif,15512.596314383823,48.64782474446742,7546.540668338155,2540.6647921373474,303.3902739725327,190.92082041466003,46863.89,,,,70.66119026447667,57.09270068795382,77.62730080095115,65.30654073315276,50.150959343146276,93.81821196798955,,50,66.46886823268899,83.33333333333334,4.0
Jodhpur,Chilli,Rabi,15055.30179919618,26.8815201358618,4047.093984665684,2471.029992041708,324.83249979008684,81.14825384778584,,,,,16.45717192754506,38.7304958113978,61.34111175468306,47.774742188711905,42.21758930378014,,,50,36.66917308692755,66.66666666666666,44.0
Bhilwara,Tomato,Rabi,13380.720959071916,31.44362842466791,4207.384178912233,2585.2694299815,361.5020768571169,34.91633673448848,,56.666666666666664,4.0,,27.818062339955564,68.85462859489124,54.482005097831234,63.10557919606724,28.65027933628403,,3.759398496240607,50,37.35189785208118,83.33333333333334,48.0
Sri Ganganagar,Pomegranate,Kharif,15587.535765293043,40.021399604401,6238.349977106855,2432.2045493813166,264.172948654992,-108.26062942369596,,,,,49.17904550530331,28.492500849483292,33.23983858163918,30.391435942345645,64.66090604110259,,,50,47.429579294613795,66.66666666666666,24.0
Nagaur,Barley,Kharif,16224.758267143416,22.110786240344435,3587.421618460693,2570.1274617512154,181.80305849070606,53.49096807035679,69371.63,,,,4.5767470137539545,64.86179853726325,57.23779342329045,61.812196491674136,95.13679153617322,79.3518469123646,,50,52.42213535450443,83.33333333333334,26.0
Jodhpur,Garlic,Kharif,18087.46691197693,33.62088591421066,6081.166615246366,2479.202661347749,300.92990910451834,191.59580782646654,,,,,33.24002564560266,40.88557097467482,77.72744396910632,55.62232017244742,51.061265255223496,,,50,46.12488031223156,66.66666666666666,34.0
Nagaur,Pulses,Kharif,15768.089202941626,29.694505316657573,4682.2560867028105,2459.371126676146,256.01283944614437,84.74656805222712,,,,,23.46227008559839,35.65613537413659,61.87496850244983,46.143668625461885,67.68004997076073,,,50,43.661744989474776,66.66666666666666,46.0
Kota,Guava,Kharif,19996.42333338773,54.18234377842921,10834.530833886172,2423.5260350629596,300.002621965687,-102.97389491259337,,,,,84.44364790243306,26.204037929809104,34.02419445832165,29.332100541214125,51.404350533202035,,,50,56.25064621844186,66.66666666666666,10.0
Alwar,Pulses,Rabi,9477.377306005064,28.550270137419695,2705.8168228069558,2421.2287700549305,199.14821140858956,118.42926079120296,,,,,20.612813287467816,25.59826537535014,66.87223438308435,42.10785297844382,88.71929002966881,,,50,45.84355656267471,66.66666666666666,32.0
Alwar,Fennel,Kharif,13125.544266912962,45.4478893334601,5965.2828328409205,2485.064402963638,352.49435821123166,-40.41453015708105,,,,,62.69248079292669,42.43127083073171,43.30569049041107,42.78103869460345,31.98302873629278,,,50,48.702376330128374,66.66666666666666,22.0
Hanumangarh,Mustard,Kharif,16552.977061407368,34.97527169498372,5789.448700835558,2492.0835694630096,255.7136168317574,151.23803836729948,,,,,36.61281459698383,44.28217545237352,71.73984357445505,55.265242701206134,67.79075880035131,,,50,50.499821346053174,66.66666666666666,20.0
Jaipur,Guava,Kharif,15560.300293431235,27.277696902844585,4244.491551214608,2589.723922730277,207.9948848107761,-6.728942680931382,,,,9.014809614544701,17.443759826977058,70.02924686566736,48.303385842983126,61.33890245659367,85.44612546577794,,,50,49.26085235723959,66.66666666666666,16.0
Ajmer,Mango,Kharif,13165.446591024156,25.608262368021737,3371.44210495124,2419.4769442393545,287.406076742593,-92.70255297494792,,,,,13.286413793049553,25.136321282892542,35.5480817262161,29.301025460221965,56.064923335798056,,,50,33.455396054235315,66.66666666666666,55.0
Kota,Pulses,Rabi,12230.300261667287,28.016046951651077,3426.446663636611,2492.3657509338323,221.86103658887066,146.55688084479675,,,,,19.282452260269494,44.35658471286537,71.04533292620128,55.03208399819974,80.31581324849027,,,50,47.16586913597448,66.66666666666666,29.0
Jodhpur,Chilli,Rabi,12072.380241068002,45.92592620303324,5544.352440462456,2471.029992041708,324.83249979008684,81.14825384778584,,,,,63.88292261160029,38.7304958113978,61.34111175468306,47.774742188711905,42.21758930378014,,,50,52.4777566482793,66.66666666666666,13.0
Nagaur,Pulses,Kharif,12151.803333504173,36.45240470100492,4429.624529599148,2459.371126676146,256.01283944614437,84.74656805222712,,,,,40.29127752324486,35.65613537413659,61.87496850244983,46.143668625461885,67.68004997076073,,,50,49.271414135356935,66.66666666666666,31.0
Kota,Opium,Rabi,16479.953702642666,43.82491692884537,7222.326020095325,2483.3944626250486,268.8450137752359,-59.81677148988294,,,,,58.65083809969295,41.99091936010661,40.42711544976258,41.365397795969,62.932297184807176,,,50,53.16751154911749,66.66666666666666,18.0
Jaipur,Citrus,Kharif,12424.92665945636,44.8440068444222,5571.834961581048,2464.519365801934,371.7798696142649,-249.35942641249684,,,,9.014809614544701,61.18864915509228,37.01368966382193,12.305995511105888,27.13061200273551,24.847617531294546,,,50,42.60056975868581,66.66666666666666,30.0
Ajmer,Tomato,Kharif,13273.086521286676,44.3443014308907,5885.857496182289,2398.7974368600517,317.5271365598122,120.12018078079888,,56.666666666666664,4.0,,59.94424676868919,19.683281269515852,67.1231043724992,38.659210510709194,44.92048732709545,,3.759398496240607,50,43.9199020505912,83.33333333333334,38.0
Bhilwara,Maize,Rabi,20000.0,32.42222902697856,6484.445805395712,2564.7389671263845,280.1952312617438,24.789414604952373,63029.7,46.25,2.0,,30.255043993295434,63.4408905696742,52.97954438823322,59.2563520970978,58.732850909316774,83.42798581112653,66.41604010025061,50,54.880760935834985,100.0,22.0
Bhilwara,Bajra,Kharif,18447.819978857027,39.007306142843184,7195.99761583335,2560.8717200636356,236.42500243619514,141.9375313439237,37245.85,,,,46.653676979315215,62.421124837929085,70.35999230244744,65.59667182373643,74.92731807589837,100.0,,50,65.02427924551205,83.33333333333334,5.0
Nagaur,Tomato,Kharif,14895.034528509115,52.06927108078021,7755.735906225224,2447.7009755664544,398.67573607729423,32.876150679443946,,56.666666666666664,4.0,,79.1815221851741,32.57879896587217,54.1793169415716,41.21900615615194,14.89646493192653,,3.759398496240607,50,44.88187219639642,83.33333333333334,42.0
Alwar,Chilli,Kharif,13119.0988266367,58.06610352743219,7617.749506541008,2570.32437740795,301.7631417217884,86.76888345629207,,,,,94.11526595779944,64.91372380490816,62.17500531503285,63.818236408958036,50.752979038208615,,,50,68.54054750263035,66.66666666666666,1.0
Ajmer,Coriander,Rabi,17123.255806366426,44.19129462343479,7566.988422515791,2499.974432970563,301.7801518738215,98.70492257629785,,,,,59.56321820430273,46.36294041729961,63.94587207757356,53.3961130814092,50.74668548306872,,,50,54.24270665309044,66.66666666666666,9.0
Jaipur,Fennel,Kharif,16897.223217166564,51.409625561384445,8686.79918621665,2471.8541445468645,384.4118601479391,-20.275982504749763,,,,9.014809614544701,77.5388254356732,38.94781900509448,46.29350615730028,41.886093865976804,20.173930382856582,,,50,51.05068625272287,66.66666666666666,12.0
Hanumangarh,Gram,Rabi,16865.42988665159,27.081981073250976,4567.4925298253975,2622.345889535429,251.59729286419295,34.662965248196464,46863.89,,,,16.956374181738703,78.6314290666602,54.44441413996499,68.95662309598212,69.31375000072688,93.81821196798955,,50,55.55579162215397,83.33333333333334,16.0
Kota,Cotton,Kharif,12818.588472525396,46.45365824157077,5954.703280420334,2495.961547812856,307.8006086489773,183.68369200673132,91569.22,46.875,2.0,,65.19711891677214,45.30477094871921,76.55357860341249,57.80429401059652,48.5191876565969,65.08482408843429,62.65664160401001,50,58.66640445346802,100.0,8.0
Kota,Citrus,Rabi,14776.69971269986,51.68054258192894,7636.678587225623,2495.9311253092324,282.7288893063056,103.41680843967605,,,,,78.2134824991223,45.296748749421845,64.64494167515527,53.036025919715215,57.795427388468035,,,50,61.77318655599177,66.66666666666666,4.0
Ajmer,Tomato,Kharif,15533.103002799762,41.81718618431615,6495.506602882379,2398.7974368600517,317.5271365598122,120.12018078079888,,56.666666666666664,4.0,,53.65104249593865,19.683281269515852,67.1231043724992,38.659210510709194,44.92048732709545,,3.759398496240607,50,42.068959617429265,83.33333333333334,40.0
Alwar,Barley,Kharif,16140.59355301789,39.84293820119732,6430.886714635356,2413.9898348072156,271.3699708123437,86.2933972867854,69371.63,,,,48.73462807452537,23.68940928724333,62.10446075287438,39.055429873495754,61.998092933843694,79.3518469123646,,50,54.108037744735256,83.33333333333334,14.0
Ajmer,Pomegranate,Rabi,16679.37134379312,38.087764627320944,6352.799698740741,2485.493684389021,361.31989302273314,-44.82758420247788,,,,,44.36376851459441,42.54446931010925,42.6509564826119,42.587064179110314,28.717685201032168,,,50,41.88801032616731,66.66666666666666,28.0
Jaipur,Mango,Rabi,17501.766463646713,48.09068997394154,8416.720249995613,2498.121468383112,311.96797022604727,-87.72486536225126,,,,9.014809614544701,69.27377315988522,45.87432674515512,36.28658647297592,42.03923063628344,46.97731314412598,,,50,53.69718185179586,66.66666666666666,18.0
Udaipur,Pulses,Rabi,14789.50286562406,21.6461271839501,3201.354600166929,2473.6452711224865,329.12141518269215,245.54861932068482,,,,,3.419619588308383,39.42012643035088,85.73204580227201,57.94489417911933,40.6307413167015,,,50,34.71799324054158,66.66666666666666,54.0
Bhilwara,Opium,Rabi,16288.854657397758,44.8842529979416,7311.130734893403,2429.9112782833595,329.01371240129174,-193.25336973089236,,,,,61.28887302324921,27.887781460896864,20.630059294388005,24.98469259429332,40.67059007244116,,,50,45.22632704738285,66.66666666666666,35.0
Bhilwara,Tomato,Rabi,15814.73651158612,41.56318514025909,6573.108215754691,2585.2694299815,361.5020768571169,34.91633673448848,,56.666666666666664,4.0,,53.01851081464327,68.85462859489124,54.482005097831234,63.10557919606724,28.65027933628403,,3.759398496240607,50,44.76379446228345,83.33333333333334,36.0
Jaipur,Cotton,Rabi,11756.830378775212,50.705319041484096,5961.338352724094,2473.7971420445647,281.40576174145417,-148.18492090467234,91569.22,46.875,2.0,9.014809614544701,75.78491064830017,39.4601737196683,27.316550287187418,34.60272434667594,58.28496894402138,65.08482408843429,62.65664160401001,50,58.137905646679584,100.0,13.0
Hanumangarh,Coriander,Kharif,14881.334538430036,29.67285805866162,4415.717274822932,2553.2448768416994,256.60488801339017,4.444493545754708,,,,,23.40836252570451,60.40998015724901,49.96111054028599,56.230432310463804,67.46099900071675,,,50,46.28976925816855,66.66666666666666,30.0
Sri Ganganagar,Maize,Kharif,15084.955128391384,28.129663318594464,4243.347089377546,2523.743736224537,215.29733947567934,98.90388588126542,63029.7,46.25,2.0,,19.565387914617546,52.63073777613464,63.97539087356525,57.168599015106885,82.74430357726183,83.42798581112653,66.41604010025061,50,55.39251419995908,100.0,10.0
Ajmer,Citrus,Kharif,17814.851417927992,25.19903870679913,4489.171304362428,2584.4572310757026,254.93179490866285,-104.42694508089691,,,,,12.267335578548835,68.64045748090398,33.8086155530012,54.707720709742865,68.08002366835397,,,50,42.29384211578517,66.66666666666666,39.0
Bhilwara,Coriander,Rabi,15288.36233082295,38.91284244539669,5949.136346274512,2703.3817006090985,235.11686265536576,198.72561027512006,,,,,46.41843668103603,100.0,78.7852429636354,91.51409718545416,75.41131432856531,,,50,64.95883434217951,66.66666666666666,10.0
Nagaur,Maize,Rabi,13696.511317703053,31.283736438291328,4284.780501870966,2510.0202578537096,311.64986800000037,-70.723960353319,63029.7,46.25,2.0,,27.41988780746932,49.0119534740613,38.808892014264686,44.93072889014265,47.095007206815595,83.42798581112653,66.41604010025061,50,49.561170692612244,100.0,31.0
Jaipur,Coriander,Kharif,15666.40131490114,29.529309921629505,4626.180197843397,2537.8802144321417,304.9340956843572,262.18440713967624,,,,9.014809614544701,23.050888623182495,56.35842721768534,88.20018145607989,69.09512891304315,49.57976356249721,,,50,46.02494996370512,66.66666666666666,26.0
Alwar,Oilseeds,Rabi,18767.268376720564,34.679812916661334,6508.453562614436,2423.446061721447,252.31632608328425,126.79551962368693,,,,,35.877041881956124,26.182949524593656,68.11347777582981,42.955160825088115,69.04771621084961,,,50,47.22326675617879,66.66666666666666,29.0
Udaipur,Mustard,Rabi,14439.385067515925,33.23277908575182,4798.608940828603,2389.0634142342865,358.55290737834696,174.53150876857504,,,,,32.273534087906,17.116488265416674,75.19573309551963,40.348186197457856,29.741437175165302,,,50,37.46564845032382,66.66666666666666,50.0
Bhilwara,Barley,Kharif,19340.9336530612,50.49944246618961,9767.063662551544,2583.5418832679707,252.2981700814133,211.7593599575213,69371.63,,,,75.27222198281146,68.39908673013288,80.71896937587162,73.32703978842838,69.05443371688203,79.3518469123646,,50,70.27156171975058,83.33333333333334,2.0
Sri Ganganagar,Wheat,Kharif,18095.533618405905,38.07061425056716,6889.08080044501,2534.583143620669,359.8771878092114,30.532576180596187,74052.11,40.666666666666664,3.0,,44.321059412026784,55.489012935607654,53.83161716077988,54.82605462567655,29.251469072817542,76.34356921253551,100.0,50,55.38473152094497,100.0,11.0
Udaipur,Maize,Rabi,15801.150797607776,48.22748979498989,7620.498388407254,2492.3303941659274,322.9184962728597,77.5853786907775,63029.7,46.25,2.0,,69.61444192024348,44.34726138293335,60.81251285087643,50.93336197011058,42.92574797573945,83.42798581112653,66.41604010025061,50,60.68494695213795,100.0,6.0
Udaipur,Pulses,Rabi,15246.851967826273,37.4095963899904,5703.785783343117,2473.6452711224865,329.12141518269215,245.54861932068482,,,,,42.674945159744546,39.42012643035088,85.73204580227201,57.94489417911933,40.6307413167015,,,50,47.803101764353634,66.66666666666666,32.0
Udaipur,Fennel,Rabi,13448.134649698884,52.20870772213333,7021.097313340229,2543.258940436375,330.1459237111207,310.4078807126678,,,,,79.52875734523688,57.77675926902949,95.35476143575991,72.80796013572166,40.25168527402816,,,50,63.975378872743704,66.66666666666666,3.0
Bhilwara,Opium,Kharif,20000.0,39.31325447891239,7862.650895782479,2429.9112782833595,329.01371240129174,-193.25336973089236,,,,,47.41557154601592,27.887781460896864,20.630059294388005,24.98469259429332,40.67059007244116,,,50,40.60189322163843,66.66666666666666,44.0
Kota,Mustard,Kharif,13663.492435797683,29.69243511424197,4057.023625838588,2384.9080130746947,310.1454691446306,154.8290104522878,,,,,23.457114718543014,16.02073833388955,72.2726110232362,38.52148740962821,47.65161699667595,,,50,37.62175828141705,66.66666666666666,38.0
Ajmer,Barley,Rabi,19738.71643719214,44.679748609878494,8819.208882954212,2479.090532131035,224.21801866417482,41.58834654923598,69371.63,,,,60.7796014771654,40.856003292321695,55.47188459650668,46.702355813995695,79.4437577474129,79.3518469123646,,50,62.06079136784123,83.33333333333334,2.0
Udaipur,Sugarcane,Kharif,13739.439548712427,48.32680715079792,6639.832454306715,2510.1623974946974,306.386771961464,-106.60383728865102,,,,,69.86176914791011,49.049434693298146,33.48564525962436,42.82391891982863,49.042290515074036,,,50,54.51542619760581,66.66666666666666,18.0
Hanumangarh,Onion,Kharif,10966.648466897168,23.53478506457688,2580.977145471964,2592.7250371916166,263.6853652156814,-0.807267255342992,192832.55,57.291666666666664,4.0,,8.122891376263139,70.82061954888646,49.18194346869938,62.16514911681163,64.84130614891004,0.0,0.0,50,31.68994858976462,100.0,43.0
Ajmer,Sugarcane,Kharif,11987.577699743795,42.97909968777908,5152.152969722862,2496.761937413637,371.7014042161029,38.96302850322494,,,,,56.544523129428136,45.51582803239601,55.082384493328654,49.34245061676907,24.876648800911894,,,50,46.981490967796844,66.66666666666666,31.0
Jaipur,Fennel,Kharif,14895.945337839656,32.575930370001885,4852.492781208189,2471.8541445468645,384.4118601479391,-20.275982504749763,,,,9.014809614544701,30.63780214014013,38.94781900509448,46.29350615730028,41.886093865976804,20.173930382856582,,,50,35.41701182087851,66.66666666666666,41.0
Udaipur,Citrus,Kharif,19651.50147844223,39.231596907849074,7709.597846362457,2441.090367696757,320.9339084147643,103.0029107565951,,,,,47.21222198535989,30.835628368767786,64.58353456659174,44.33479084789737,43.660022019295816,,,50,46.29202262508509,66.66666666666666,32.0
Alwar,Mango,Rabi,17952.967195429752,36.60465366549273,6571.621464566584,2456.5885699146734,325.69308216421206,-9.696984694991025,,,,,40.67041885252742,34.9223948124543,47.86303817826132,40.098652158777114,41.89918400008716,,,50,42.62961699320047,66.66666666666666,38.0
Bhilwara,Guava,Kharif,14851.6088710427,48.06732677918763,7138.771368010914,2571.038184435212,383.0889987647947,284.2001720438332,,,,,69.21559245077444,65.10194967557776,91.46650673607468,75.64777249977652,20.66337345432541,,,50,57.37727817439696,66.66666666666666,15.0
Alwar,Mustard,Kharif,11631.833935313103,41.59331686894934,4838.06554638476,2524.2067437682936,292.23551729868035,234.210612756137,,,,,53.09354701411849,52.752829594681906,84.04990495330533,65.27165973813128,54.278087428902744,,,50,55.95924242065505,66.66666666666666,12.0
Kota,Garlic,Kharif,15499.356624639167,34.65686629998057,5371.591302758377,2401.2217066690127,353.46058510715034,61.81235784926508,,,,,35.81989856554573,20.322544092803255,58.47237990792385,35.582478418851494,31.62553620857976,,,50,37.753734341924925,66.66666666666666,37.0
Jodhpur,Mango,Kharif,15867.505931723454,40.68199504790038,6455.217977369034,2493.8565053632315,268.6946478330232,-149.53464909138785,,,,,50.824107824176544,44.74968612502805,27.116300542671024,37.69633189208524,62.98793080563745,,,50,49.59131060707573,66.66666666666666,29.0
Nagaur,Opium,Kharif,13086.780047246051,27.61740724780837,3614.22934127287,2465.8775426422094,250.29402899518487,196.17957629610825,,,,,18.289730978202343,37.371831302276846,78.4075056837555,53.78610105486831,69.79594222366823,,,50,44.39872571876598,66.66666666666666,44.0
Bhilwara,Guava,Kharif,13130.578420725707,24.61136796374872,3231.614970893389,2571.038184435212,383.0889987647947,284.2001720438332,,,,,10.80387559739114,65.10194967557776,91.46650673607468,75.64777249977652,20.66337345432541,,,50,37.90670588993587,66.66666666666666,49.0
Udaipur,Coriander,Kharif,13087.838618080446,35.6525524842233,4666.148532361577,2476.7659627990874,283.1504954608401,-49.513136743008225,,,,,38.2994279647247,40.24303078052646,41.955793776228326,40.928135978807205,57.63943809597312,,,50,45.208533201784775,66.66666666666666,36.0
Jaipur,Mustard,Kharif,19261.512743969564,32.137516328658414,6190.17180323984,2367.260852629111,304.6430084906978,-143.19091570599858,,,,9.014809614544701,29.546031940123985,11.367306786068463,28.057475960216095,18.043374455727516,49.687462382604316,,,50,34.597736311422864,66.66666666666666,42.0
Kota,Wheat,Rabi,12502.933280687314,48.39546142759893,6050.852253173458,2466.2505423807247,308.9406393347606,-151.83417880721348,74052.11,40.666666666666664,3.0,,70.03273696929949,37.470188698407995,26.775135378726063,33.192167370535216,48.097389781529884,76.34356921253551,100.0,50,60.31276156554172,100.0,8.0
Bhilwara,Barley,Rabi,13343.330867157089,28.36954895768329,3785.442782943796,2583.5418832679707,252.2981700814133,211.7593599575213,69371.63,,,,20.162768398523685,68.39908673013288,80.71896937587162,73.32703978842838,69.05443371688203,79.3518469123646,,50,54.963380168559546,83.33333333333334,21.0
Udaipur,Guava,Kharif,15608.7690625539,41.3494445414664,6454.139307126289,2627.1128861523953,168.65883181758016,122.41373154589571,,,,,52.48623859183677,79.88845239991265,67.46338248128173,74.91842443246028,100.0,,,50,67.47365937926834,66.66666666666666,4.0
Jaipur,Coriander,Rabi,19642.515603990185,49.51502657221639,9725.996820767492,2537.8802144321417,304.9340956843572,262.18440713967624,,,,9.014809614544701,72.82075867162565,56.35842721768534,88.20018145607989,69.09512891304315,49.57976356249721,,,50,62.6149066465195,66.66666666666666,3.0
Udaipur,Guava,Kharif,13161.633928546842,42.36823529492644,5576.352031503596,2627.1128861523953,168.65883181758016,122.41373154589571,,,,,55.02330465220109,79.88845239991265,67.46338248128173,74.91842443246028,100.0,,,50,68.31934806605643,66.66666666666666,3.0
Nagaur,Pulses,Kharif,15857.596172174715,36.11980609706583,5727.732989045239,2459.371126676146,256.01283944614437,84.74656805222712,,,,,39.46301654137729,35.65613537413659,61.87496850244983,46.143668625461885,67.68004997076073,,,50,48.99532714140108,66.66666666666666,32.0
Sri Ganganagar,Maize,Rabi,16975.63281801849,30.803572657068703,5229.101389095525,2523.743736224537,215.29733947567934,98.90388588126542,63029.7,46.25,2.0,,26.224149400324563,52.63073777613464,63.97539087356525,57.168599015106885,82.74430357726183,83.42798581112653,66.41604010025061,50,57.05720457138584,100.0,14.0
Kota,Onion,Kharif,14469.158317517851,44.019623371084975,6369.268996337374,2616.4830118474365,349.6511976695419,-85.18026394926444,192832.55,57.291666666666664,4.0,,59.13571009589306,77.08542963641491,36.664111213039796,60.91690226706487,33.03496452180643,0.0,0.0,50,39.422552655657206,100.0,33.0
Jodhpur,Cotton,Kharif,10862.042315956418,39.48711421665078,4289.10705556265,2494.8963609333077,247.2235805086397,-116.29286601109928,91569.22,46.875,2.0,,47.848529578253505,45.02388869319144,32.04815173657385,39.83359391054441,70.93197186153506,65.08482408843429,62.65664160401001,50,54.09703472956866,100.0,20.0
Ajmer,Coriander,Kharif,14900.619081378609,49.949381726086486,7442.767104507882,2499.974432970563,301.7801518738215,98.70492257629785,,,,,73.90242113792262,46.36294041729961,63.94587207757356,53.3961130814092,50.74668548306872,,,50,59.02244096429707,66.66666666666666,11.0
Bhilwara,Bajra,Rabi,13447.166102891486,29.028616283818188,3903.5262490560376,2560.8717200636356,236.42500243619514,141.9375313439237,37245.85,,,,21.80402528955169,62.421124837929085,70.35999230244744,65.59667182373643,74.92731807589837,100.0,,50,58.12159822057774,83.33333333333334,14.0
Jodhpur,Tomato,Rabi,14950.731311781745,53.10791924121398,7940.022311031939,2433.7833337732764,237.13365709591483,191.7071691895963,,56.666666666666664,4.0,,81.76803858959461,28.908815140918865,77.7439658768024,48.442875435272285,74.66512423028207,,3.759398496240607,50,57.88975672778761,83.33333333333334,6.0
Bhilwara,Mustard,Kharif,20000.0,39.4824846047128,7896.496920942559,2485.7560886235715,246.2831469107493,-116.45285887458363,,,,,47.83700058539544,42.61366345310493,32.024414712814156,38.37796395698862,71.27992117393383,,,50,50.435774818448884,66.66666666666666,26.0
Jodhpur,Garlic,Kharif,13531.681672445333,52.22042842953512,7066.302143071836,2479.202661347749,300.92990910451834,191.59580782646654,,,,,79.55794509439102,40.88557097467482,77.72744396910632,55.62232017244742,51.061265255223496,,,50,61.56418679516102,66.66666666666666,5.0
Kota,Opium,Rabi,17045.674468878933,53.12349022660707,9055.257210534155,2483.3944626250486,268.8450137752359,-59.81677148988294,,,,,81.80681457812126,41.99091936010661,40.42711544976258,41.365397795969,62.932297184807176,,,50,60.88617037526026,66.66666666666666,6.0
Hanumangarh,Maize,Rabi,16751.78455597789,47.8452076102445,8014.926099228497,2487.8483664724167,256.40323019502836,-81.69245905284988,63029.7,46.25,2.0,,68.66245530954296,43.165382341741214,37.18157246657533,40.77185839167486,67.53561000929432,83.42798581112653,66.41604010025061,50,62.10612888880891,100.0,6.0
Kota,Maize,Kharif,16771.964492076928,28.501712608250067,4780.2971182895135,2523.370542458299,279.19989724667636,104.15186373847227,63029.7,46.25,2.0,,20.49189183346657,52.532329216263705,64.75399669618699,57.42099620823302,59.101112726979075,83.42798581112653,66.41604010025061,50,52.12814099075415,100.0,17.0
Hanumangarh,Cumin,Kharif,17461.446543592094,38.54608817071156,6730.704580574675,2468.3085879503096,265.3705349611329,-124.67212477456732,,,,,45.50511878956808,38.012880776824296,30.80497963486023,35.12972032003867,64.21781326698792,,,50,47.379861001930585,66.66666666666666,26.0
Hanumangarh,Pulses,Rabi,18200.024068767463,29.75913903172156,5416.1704664312965,2463.7618975280384,244.56341874289987,37.671945493833434,,,,,23.623225614775688,36.813950630843344,54.89083552419194,44.04470458818278,71.9162002635562,,,50,44.00290314781855,66.66666666666666,40.0
Alwar,Opium,Kharif,19146.47697311258,40.61672601260992,7776.672093236587,2559.528576753733,319.07460955994225,1.87730635118284,,,,,50.66157017484496,62.06694743523482,49.58023490554818,57.072262423360165,44.34794061294281,,,50,50.97604816043293,66.66666666666666,19.0
Alwar,Cumin,Rabi,14498.645759049436,28.54592165814833,4138.772059870698,2462.5931128552493,261.74395310097293,-32.59430841460316,,,,,20.6019843914103,36.50575036906538,44.46592217365354,39.68981909090064,65.55960567788343,,,50,40.56320102362029,66.66666666666666,45.0
Udaipur,Fennel,Rabi,18619.52689952507,33.28802267275284,6198.072335873218,2543.258940436375,330.1459237111207,310.4078807126678,,,,,32.41110564433901,57.77675926902949,95.35476143575991,72.80796013572166,40.25168527402816,,,50,48.269494972444406,66.66666666666666,31.0
Hanumangarh,Guava,Rabi,16106.019926618705,45.10231725213959,7264.188203996386,2463.9103324477296,309.33123526934645,-1.4046529210581769,,,,,61.83191232393528,36.85309187060366,49.09331352963859,41.749180534217636,47.952873903779704,,,50,51.33432703119241,66.66666666666666,22.0
Hanumangarh,Fennel,Rabi,15086.234468804452,49.84460025134861,7519.673263956745,2513.331493876745,401.6855356183184,21.38991614804098,,,,,73.64148676802424,49.885103022363275,52.47518454439166,50.92113563117463,13.782874686845219,,,50,50.88270669502369,66.66666666666666,24.0
Kota,Citrus,Rabi,15573.29720405971,45.99737883013167,7163.30851129365,2495.9311253092324,282.7288893063056,103.41680843967605,,,,,64.06085908630781,45.296748749421845,64.64494167515527,53.036025919715215,57.795427388468035,,,50,57.05564541838694,66.66666666666666,11.0
Hanumangarh,Pulses,Kharif,10920.431577060242,31.289250744920245,3416.9212185738274,2463.7618975280384,244.56341874289987,37.671945493833434,,,,,27.433619930721477,36.813950630843344,54.89083552419194,44.04470458818278,71.9162002635562,,,50,45.27303458646714,66.66666666666666,33.0
Udaipur,Opium,Rabi,16936.452543423227,40.93005403493241,6932.099177623812,2535.642031221851,303.2934197319395,104.88091920157204,,,,,51.441842167396615,55.76823411592906,64.86216156349947,59.40580509495722,50.186794267050445,,,50,53.026187601197556,66.66666666666666,22.0
Hanumangarh,Sugarcane,Rabi,14076.665295140998,31.950309132654148,4497.538077366591,2572.8001730510396,215.28116223946355,112.79936715658984,,,,,29.079835106647305,65.56657362667048,66.03696638388136,65.75473072955484,82.75028896339693,,,50,53.77793102277645,66.66666666666666,20.0
Hanumangarh,Cotton,Rabi,15748.151051132269,47.034051170604926,7406.993423813708,2447.1388047829505,318.03204408467894,163.67429764067967,91569.22,46.875,2.0,,66.64245516165566,32.430558501504706,73.58492450759772,48.89230490394191,44.733677512456296,65.08482408843429,62.65664160401001,50,56.67751417173688,100.0,13.0
Nagaur,Garlic,Rabi,14714.113402839144,38.61245424709968,5681.480305537627,2428.881188152318,438.93773865232663,237.26687922204516,,,,,45.6703883695991,27.616153970022683,84.5033418637854,50.37102912752776,0.0,,,50,38.65573722387377,66.66666666666666,46.0
Kota,Cumin,Rabi,16823.68952914962,29.826407379666364,5017.90217525444,2520.4668265037953,339.84015462105606,80.26499209675144,,,,,23.790742096376967,51.766639831262374,61.21006837741157,55.54401124972205,36.66493445300956,,,50,40.07497058932011,66.66666666666666,41.0
Nagaur,Coriander,Kharif,13660.699156348415,46.95729169136794,6414.6943499267645,2493.3520104450463,351.9994672351066,131.9883035446136,,,,,66.45130318179915,44.61665437891584,68.88389485960194,54.32355057119028,32.16613254632398,,,50,53.06994105551526,66.66666666666666,23.0
Nagaur,Barley,Rabi,18220.89524957932,24.255841865781875,4419.63153826772,2570.1274617512154,181.80305849070606,53.49096807035679,69371.63,,,,9.918518919720023,64.86179853726325,57.23779342329045,61.812196491674136,95.13679153617322,79.3518469123646,,50,53.90596088393945,83.33333333333334,21.0
Nagaur,Cotton,Rabi,15398.909022440628,41.081263083693685,6326.066327527477,2487.588697001986,280.0303048450456,55.441129147157405,91569.22,46.875,2.0,,51.81839382369042,43.09690933672524,57.52712520226548,48.86899568294134,58.79387173355707,65.08482408843429,62.65664160401001,50,55.07586612621058,100.0,18.0
Alwar,Coriander,Rabi,18585.139886774527,31.74647161323535,5900.126158434956,2460.2661253266865,357.49294060823,2.163949460238926,,,,,28.572224244858536,35.8921401959052,49.62276214171382,41.38438897422864,30.133612348037758,,,50,36.586634277688034,66.66666666666666,52.0
Hanumangarh,Sugarcane,Kharif,13323.234458185236,38.47208144308839,5125.72561160664,2572.8001730510396,215.28116223946355,112.79936715658984,,,,,45.320821909905895,65.56657362667048,66.03696638388136,65.75473072955484,82.75028896339693,,,50,59.19159329052931,66.66666666666666,7.0
Alwar,Sugarcane,Kharif,19696.57208770302,26.64795499625552,5248.733665736128,2441.395499450784,295.1848422073701,-119.79896052809897,,,,,15.875531206359833,30.916089456817065,31.52797697976742,31.160844465997208,53.18687208278881,,,50,34.23877667627696,66.66666666666666,42.0
Jaipur,Oilseeds,Kharif,13334.401419920405,42.04806079421417,5606.85721559269,2429.589871796776,333.5078134620281,219.49112779389557,,,,9.014809614544701,54.22598306639712,27.8030288408392,81.86607777083053,49.42824841283573,39.0078258140804,,,50,49.057759095037994,66.66666666666666,18.0
Bhilwara,Bajra,Kharif,10655.958298751268,31.3346711801289,3339.0094940053677,2560.8717200636356,236.42500243619514,141.9375313439237,37245.85,,,,27.546729167552975,62.421124837929085,70.35999230244744,65.59667182373643,74.92731807589837,100.0,,50,59.716793742244754,83.33333333333334,12.0
Udaipur,Opium,Kharif,16320.043350159996,41.17833808818646,6720.322626867474,2535.642031221851,303.2934197319395,104.88091920157204,,,,,52.06013698672158,55.76823411592906,64.86216156349947,59.40580509495722,50.186794267050445,,,50,53.23228587430588,66.66666666666666,21.0
Udaipur,Pomegranate,Rabi,11936.30154860786,47.13457087137298,5626.124512849363,2567.4013696791335,336.86630147296796,108.18358171323715,,,,,66.89277655527891,64.14294731529992,65.3521545344503,64.62663020296007,37.765224957701584,,,50,57.084405230755976,66.66666666666666,12.0
Hanumangarh,Garlic,Rabi,15731.402141313596,31.11768445261553,4895.248078305968,2483.5412535473192,225.56342758154267,-81.03265486833611,,,,,27.006373201370486,42.02962708936052,37.27946300533724,40.12956145575121,78.94597235486266,,,50,45.49253525962968,66.66666666666666,35.0
Bhilwara,Gram,Kharif,11159.086803987317,39.40167695916984,4396.867334100433,2540.6647921373474,303.3902739725327,190.92082041466003,46863.89,,,,47.63576757044245,57.09270068795382,77.62730080095115,65.30654073315276,50.150959343146276,93.81821196798955,,50,60.072917484346156,83.33333333333334,11.0
Kota,Gram,Rabi,16950.603533875983,31.93540539911899,5413.2439561406845,2436.3381567497795,323.30472331074475,-263.3059087038084,46863.89,,,,29.042720756721824,29.58250391224372,10.236853336240564,21.844243681842457,42.78284853811476,93.81821196798955,,50,44.02187555718288,83.33333333333334,37.0
Alwar,Coriander,Kharif,20000.0,27.867369481295707,5573.473896259142,2460.2661253266865,357.49294060823,2.163949460238926,,,,,18.91220492272902,35.8921401959052,49.62276214171382,41.38438897422864,30.133612348037758,,,50,33.3666278369782,66.66666666666666,43.0
Kota,Mango,Kharif,10423.424487225784,27.687712989443146,2886.007855694411,2420.5607348352382,229.76267835915658,-55.271002414770166,,,,,18.464811396182725,25.42210920699903,41.10153945963453,31.69388130805323,77.39229921521903,,,50,40.085098657252246,66.66666666666666,31.0
Kota,Onion,Kharif,14863.241950933509,38.38076111521266,5704.625387163863,2616.4830118474365,349.6511976695419,-85.18026394926444,192832.55,57.291666666666664,4.0,,45.093409456771624,77.08542963641491,36.664111213039796,60.91690226706487,33.03496452180643,0.0,0.0,50,35.91197749587685,100.0,42.0
Sri Ganganagar,Onion,Rabi,14276.29182643101,28.210621542033834,4027.4306573907625,2579.646327014895,299.33065418109754,-116.26178342479348,192832.55,57.291666666666664,4.0,,19.76699590948582,67.37185606487819,32.05276324282222,53.2442189360558,51.652970668771964,0.0,0.0,50,30.83853836489841,100.0,46.0
Alwar,Chilli,Kharif,11245.381727428668,56.26574712505129,6327.29804600174,2570.32437740795,301.7631417217884,86.76888345629207,,,,,89.63188886635304,64.91372380490816,62.17500531503285,63.818236408958036,50.752979038208615,,,50,67.04608847214821,66.66666666666666,2.0
Ajmer,Cumin,Kharif,14753.546464822291,29.145606724949637,4300.010630619815,2485.919890320584,385.7855014370738,7.815464419838121,,,,,22.095363306287318,42.65685680349205,50.46123794590095,45.77860926045561,19.665699346546162,,,50,33.505890107526504,66.66666666666666,54.0
Sri Ganganagar,Onion,Kharif,16028.176039133112,33.61188381663782,5387.371908199603,2579.646327014895,299.33065418109754,-116.26178342479348,192832.55,57.291666666666664,4.0,,33.21760797431288,67.37185606487819,32.05276324282222,53.2442189360558,51.652970668771964,0.0,0.0,50,34.201191381105176,100.0,48.0
Jaipur,Gram,Kharif,16709.30184069661,29.617554552128148,4948.886587948072,2570.7351489167622,394.21035954148107,228.37370378185764,46863.89,,,9.014809614544701,23.270641753339145,65.0220413500422,83.18392353395808,72.28679422360855,16.548601455678053,93.81821196798955,,50,49.25560144067404,83.33333333333334,17.0
Sri Ganganagar,Guava,Kharif,16928.168279602633,38.68728153319186,6549.048120742351,2394.853086415687,286.3322472836942,85.1437581401838,,,,,45.85672866301941,18.643183920706257,61.933896821811175,35.95946908114823,56.46222753962012,,,50,46.16721348390336,66.66666666666666,27.0
Alwar,Barley,Rabi,15589.56350910441,36.47818059097758,5686.789130196248,2413.9898348072156,271.3699708123437,86.2933972867854,69371.63,,,,40.35546649963988,23.68940928724333,62.10446075287438,39.055429873495754,61.998092933843694,79.3518469123646,,50,51.780492862822626,83.33333333333334,19.0
Sri Ganganagar,Mustard,Kharif,14730.79291713832,43.022148937893576,6337.503668543925,2594.168458070026,229.53995706835244,40.38445008869863,,,,,56.65172747047529,71.20123943802311,55.2932708867097,64.83805201749774,77.47470345956515,,,50,61.66899705340419,66.66666666666666,3.0
Hanumangarh,Cotton,Rabi,12970.823093822191,33.29822360582644,4319.053677297089,2447.1388047829505,318.03204408467894,163.67429764067967,91569.22,46.875,2.0,,32.43650874207738,32.430558501504706,73.58492450759772,48.89230490394191,44.733677512456296,65.08482408843429,62.65664160401001,50,48.126027566842325,100.0,27.0
Jodhpur,Pomegranate,Kharif,14879.52614806697,38.45219504645327,5721.504416442726,2537.0215916692996,270.7436360115873,-169.7636134372678,,,,,45.27129937370839,56.132014460539104,24.115070382433196,43.32523682929674,62.229829404917766,,,50,49.08979549336548,66.66666666666666,30.0
Udaipur,Garlic,Kharif,15384.313244732368,40.88607445881811,6290.041768219092,2462.7378247895363,244.39478718466185,229.34751403980107,,,,,51.33232106158577,36.54390988387423,83.3284009608059,55.257706314646896,71.97859194636004,,,50,56.241880427039774,66.66666666666666,15.0
Ajmer,Coriander,Kharif,17521.93064696617,35.05448056253644,6142.221772821871,2499.974432970563,301.7801518738215,98.70492257629785,,,,,36.81006621991563,46.36294041729961,63.94587207757356,53.3961130814092,50.74668548306872,,,50,46.65832265829474,66.66666666666666,33.0
Jaipur,Barley,Rabi,13661.44970035566,34.745042183502974,4746.676461266615,2486.549762048151,326.95860071671166,-90.95532017298035,69371.63,,,9.014809614544701,36.03948049703418,42.822949528561324,35.80730645431198,40.016692298861585,41.43095709798808,79.3518469123646,,50,47.367365761759736,83.33333333333334,27.0
Bhilwara,Chilli,Kharif,13643.08104225277,21.761282803435677,2968.9094487065445,2603.492182982168,277.12562521838623,-6.155608085795384,,,,,3.7063884001226364,73.6598398334325,48.38844749267556,63.551282897129724,59.868568853164454,,,50,40.156185343241695,66.66666666666666,46.0
Hanumangarh,Pulses,Kharif,10248.29152954283,51.955821120539454,5324.58401500067,2463.7618975280384,244.56341874289987,37.671945493833434,,,,,78.89900092877383,36.813950630843344,54.89083552419194,44.04470458818278,71.9162002635562,,,50,62.428161585817925,66.66666666666666,3.0
Udaipur,Oilseeds,Kharif,17357.400475952498,51.88269973441236,9005.487970637896,2548.9578021351304,296.33628093271363,-146.77735057676895,,,,,78.71690879022644,59.27950884154187,27.525381666220415,46.57785797141329,52.76085336796266,,,50,59.21190239604489,66.66666666666666,9.0
Sri Ganganagar,Cumin,Kharif,12099.07157061236,37.503084549720434,4537.525040857942,2400.470749762615,266.32453096541127,55.86597919140456,,,,,42.9077561037892,20.124522061436735,57.59015723616358,35.11077613132747,63.86484602457501,,,50,46.43842820786539,66.66666666666666,26.0
Hanumangarh,Garlic,Kharif,14989.192382728295,37.77013552390467,5661.438276895273,2483.5412535473192,225.56342758154267,-81.03265486833611,,,,,43.57278566033849,42.02962708936052,37.27946300533724,40.12956145575121,78.94597235486266,,,50,51.01467274595236,66.66666666666666,17.0
Sri Ganganagar,Onion,Rabi,19510.19490530145,37.21030910262159,7259.8038307866,2579.646327014895,299.33065418109754,-116.26178342479348,192832.55,57.291666666666664,4.0,,42.17866561330352,67.37185606487819,32.05276324282222,53.2442189360558,51.652970668771964,0.0,0.0,50,36.441455790852835,100.0,43.0
Jodhpur,Citrus,Kharif,14337.107478511009,45.03963849985361,6457.381379656835,2458.4225639014226,197.3608881143447,-116.02539327617669,,,,,61.67582518377359,35.40600607120435,32.08783479821582,34.07873756200894,89.38057851687498,,,50,57.52238744783526,66.66666666666666,11.0
Jaipur,Coriander,Kharif,15625.148423842658,25.178566874028093,3934.18844506337,2537.8802144321417,304.9340956843572,262.18440713967624,,,,9.014809614544701,12.216355147149693,56.35842721768534,88.20018145607989,69.09512891304315,49.57976356249721,,,50,42.41343880502752,66.66666666666666,31.0
Nagaur,Cumin,Rabi,14258.467852438209,40.10008340468836,5717.657501058398,2561.3516865774504,264.64972231186954,-113.19591514427711,,,,,49.374989567939906,62.54768861708045,32.50762470747631,50.531663053238795,64.48450542499049,,,50,52.83034108850842,66.66666666666666,24.0
Nagaur,Onion,Rabi,11995.139970315253,37.03465292779947,4442.358456210002,2527.523798232102,282.7244871643125,-140.60551481108678,192832.55,57.291666666666664,4.0,,41.74123396414387,53.627513424713555,28.441053834468242,43.55292958861543,57.797056128958594,0.0,0.0,50,35.31545282810284,100.0,50.0
Nagaur,Pomegranate,Rabi,20000.0,48.46002886336063,9692.005772672126,2419.824527370672,222.03060661359515,243.75711861056936,,,,,70.19352744498786,25.227976499251646,85.46625335381279,49.3232872410761,80.253074344182,,,50,62.60133394811931,66.66666666666666,4.0
Ajmer,Barley,Rabi,13286.46303065161,31.474164701729347,4181.803257301668,2479.090532131035,224.21801866417482,41.58834654923598,69371.63,,,,27.89410597490154,40.856003292321695,55.47188459650668,46.702355813995695,79.4437577474129,79.3518469123646,,50,52.92593150610127,83.33333333333334,10.0
Bhilwara,Mango,Kharif,19198.066309758007,31.44741176502307,6037.29496335177,2470.8879837233767,349.00917395365167,-75.6934263913202,,,,,27.827483886408828,38.693049221017844,38.07160704512268,38.44447235065978,33.27250570598872,,,50,36.182188396843294,66.66666666666666,51.0
Ajmer,Citrus,Kharif,15178.891109760523,43.79145608822383,6647.057435010091,2584.4572310757026,254.93179490866285,-104.42694508089691,,,,,58.56751150607808,68.64045748090398,33.8086155530012,54.707720709742865,68.08002366835397,,,50,57.727234091628254,66.66666666666666,13.0
Jaipur,Opium,Rabi,17094.66994084077,39.4610294110885,6745.7327330836815,2324.1527323900045,298.1600420326219,-2.3319230340099533,,,,9.014809614544701,47.783571318023405,0.0,48.95574093906528,19.582296375626115,52.08608332346809,,,50,41.56701947086838,66.66666666666666,31.0
Hanumangarh,Mango,Kharif,17685.579660083196,40.55927896169948,7173.143590326726,2497.2234059590314,350.5513325919928,145.47615391122,,,,,50.51851139399335,45.63751402794679,70.88499301889938,55.73650562432783,32.701925242865855,,,50,48.24295701305837,66.66666666666666,23.0
Udaipur,Oilseeds,Kharif,18148.658145958005,45.24451357359467,8211.272098273264,2548.9578021351304,296.33628093271363,-146.77735057676895,,,,,62.18601983801225,59.27950884154187,27.525381666220415,46.57785797141329,52.76085336796266,,,50,53.70160607864016,66.66666666666666,19.0
Udaipur,Garlic,Kharif,18952.182196902977,42.72459183451908,8097.242487361189,2462.7378247895363,244.39478718466185,229.34751403980107,,,,,55.910729355378685,36.54390988387423,83.3284009608059,55.257706314646896,71.97859194636004,,,50,57.76801652497075,66.66666666666666,11.0
Sri Ganganagar,Coriander,Kharif,20000.0,27.752369375133576,5550.473875026716,2497.9801038800183,328.20750048727047,-73.80890325397858,,,,,18.62582338138568,45.83704992430525,38.35120058143773,42.84271018715824,40.96887894872192,,,50,35.82710630011514,66.66666666666666,47.0
Ajmer,Cotton,Kharif,20000.0,31.22771193763724,6245.542387527448,2556.031013030241,329.814173061192,-287.32471711035356,91569.22,46.875,2.0,,27.28037156365221,61.144664588563856,6.673350481118918,39.35613894558588,40.37442909218766,65.08482408843429,62.65664160401001,50,44.27587281752452,100.0,37.0
Sri Ganganagar,Sugarcane,Rabi,13045.745989156654,40.21128991569302,5245.862741364676,2525.773679113796,220.09829426346843,1.0812530726509348,,,,,49.65192402558319,53.166019376269745,49.46213004027501,51.68446364187185,80.9680070678474,,,50,56.526766393263046,66.66666666666666,17.0
Bhilwara,Mango,Kharif,14038.95807541704,35.15037029227018,4934.745748685657,2470.8879837233767,349.00917395365167,-75.6934263913202,,,,,37.04885772643329,38.693049221017844,38.07160704512268,38.44447235065978,33.27250570598872,,,50,39.255979676851446,66.66666666666666,47.0
Sri Ganganagar,Sugarcane,Rabi,16568.5064641065,37.0801609753922,6143.628868108952,2525.773679113796,220.09829426346843,1.0812530726509348,,,,,41.85456137963997,53.166019376269745,49.46213004027501,51.68446364187185,80.9680070678474,,,50,53.92764551128196,66.66666666666666,19.0
Hanumangarh,Pomegranate,Kharif,14926.936223217052,55.19807683727814,8239.38172594285,2486.2285110710563,312.7758807034228,101.13144924290056,,,,,86.9730994716033,42.73823791525728,64.30587889215438,51.365294306016125,46.678395819486404,,,50,62.024124136036015,66.66666666666666,4.0
Kota,Sugarcane,Rabi,20000.0,33.59531752994528,6719.063505989056,2521.419779484003,198.21548933117285,-129.8418903128942,,,,,33.17635341485483,52.017926800367796,30.037977627753282,43.22594713132199,89.06438617066622,,,50,50.398580940770714,66.66666666666666,20.0
Jodhpur,Guava,Kharif,15114.0104345046,41.89622256936265,6332.199450796743,2500.030002171362,311.7972935026563,5.607781593094496,,,,,53.84786459051926,46.37759362300269,50.13369946342735,47.88003595917255,47.04046151385626,,,50,50.12539008872369,66.66666666666666,28.0
Bhilwara,Bajra,Rabi,16840.55391819125,41.0247540579764,6908.795826938868,2560.8717200636356,236.42500243619514,141.9375313439237,37245.85,,,,51.67767098068791,62.421124837929085,70.35999230244744,65.59667182373643,74.92731807589837,100.0,,50,66.41983313478224,83.33333333333334,7.0
Sri Ganganagar,Garlic,Kharif,14227.870387729963,23.687735019941755,3370.260236426234,2490.895773497503,259.11308309226035,152.22212235448478,,,,,8.503778363480656,43.96896204700402,71.8858452427584,55.135715325305775,66.53299647612323,,,50,40.84404950313307,66.66666666666666,39.0
Nagaur,Cumin,Rabi,16197.669367815835,33.07173545453259,5356.850363123916,2561.3516865774504,264.64972231186954,-113.19591514427711,,,,,31.872491646544503,62.54768861708045,32.50762470747631,50.531663053238795,64.48450542499049,,,50,46.99617511470993,66.66666666666666,35.0
Hanumangarh,Maize,Rabi,13550.44061310188,30.453795347601044,4126.623453012263,2487.8483664724167,256.40323019502836,-81.69245905284988,63029.7,46.25,2.0,,25.353108769535464,43.165382341741214,37.18157246657533,40.77185839167486,67.53561000929432,83.42798581112653,66.41604010025061,50,51.278792253807026,100.0,23.0
Alwar,Mango,Kharif,11322.703010992976,23.48459683668656,2659.0911531470697,2456.5885699146734,325.69308216421206,-9.696984694991025,,,,,7.997909038940272,34.9223948124543,47.86303817826132,40.098652158777114,41.89918400008716,,,50,31.738780388671422,66.66666666666666,46.0
Kota,Wheat,Rabi,15673.355455679915,38.85561229978992,6089.97823022696,2466.2505423807247,308.9406393347606,-151.83417880721348,74052.11,40.666666666666664,3.0,,46.275918053383066,37.470188698407995,26.775135378726063,33.192167370535216,48.097389781529884,76.34356921253551,100.0,50,54.373556836562614,100.0,15.0
Bhilwara,Onion,Rabi,20000.0,41.88337660481799,8376.675320963597,2499.272069933312,313.63439667800384,81.01883349342887,192832.55,57.291666666666664,4.0,,53.81587464503909,46.17773224595412,61.321910560583184,52.23540357180575,46.36075505919357,0.0,0.0,50,38.35516263449996,100.0,45.0
Sri Ganganagar,Mango,Kharif,18236.042500293886,40.98899542282586,7474.770625750039,2600.0678677549295,281.3737146772511,108.35022110961363,,,,,51.58862225375622,72.75687209778738,65.3768776578756,69.80487432182267,58.29682597888155,,,50,57.470205766181095,66.66666666666666,7.0
Jodhpur,Fennel,Rabi,14482.11810017754,41.77018833492093,6049.208005329831,2474.2233424916312,285.57610170330025,162.74239573087576,,,,,53.53400506876751,39.57255976682815,73.44666472967407,53.122201751966514,56.74199246439698,,,50,53.35898731632631,66.66666666666666,9.0
Jaipur,Oilseeds,Kharif,16956.96863524026,39.63823379607065,6721.442872362905,2429.589871796776,333.5078134620281,219.49112779389557,,,,9.014809614544701,48.22485843155391,27.8030288408392,81.86607777083053,49.42824841283573,39.0078258140804,,,50,47.05738421675691,66.66666666666666,23.0
Kota,Barley,Kharif,19429.621049177687,50.86788826401514,9883.437925417273,2477.792885128488,276.3843557591727,-109.11607241860723,69371.63,,,,76.18975222694874,40.51382294448559,33.112922478926535,37.55346275826197,60.14282978898611,79.3518469123646,,50,61.09148012621354,83.33333333333334,6.0
Kota,Sugarcane,Rabi,13123.311895471412,26.230357990669475,3442.2916904142635,2521.419779484003,198.21548933117285,-129.8418903128942,,,,,14.835601087065054,52.017926800367796,30.037977627753282,43.22594713132199,89.06438617066622,,,50,44.28499683150746,66.66666666666666,36.0
Nagaur,Coriander,Rabi,16482.090558848216,49.46811511775697,8153.379531463989,2493.3520104450463,351.9994672351066,131.9883035446136,,,,,72.70393639134178,44.61665437891584,68.88389485960194,54.32355057119028,32.16613254632398,,,50,55.1541521253628,66.66666666666666,16.0
Udaipur,Sugarcane,Kharif,13349.08453846374,46.38767253905613,6192.329622664332,2510.1623974946974,306.386771961464,-106.60383728865102,,,,,65.03279657113775,49.049434693298146,33.48564525962436,42.82391891982863,49.042290515074036,,,50,52.90576867201503,66.66666666666666,23.0
Hanumangarh,Chilli,Kharif,14923.337787025665,52.7704740553426,7875.116095093516,2572.77472190949,272.596436405743,29.529625191262312,,,,,80.92770830057303,65.55986234043378,53.6828163271355,60.80904393511447,61.5443151648855,,,50,65.50051084919863,66.66666666666666,1.0
Kota,Chilli,Kharif,16630.800463783296,30.641597875415297,5095.9430015751805,2591.242070173165,191.57260944672294,95.95772471791432,,,,,25.820788141133583,70.4295716219794,63.53828951784648,67.67305878032623,91.5221731886193,,,50,54.957513026188714,66.66666666666666,12.0
Jodhpur,Mango,Rabi,17315.096131945036,30.950063547977415,5359.033256230368,2493.8565053632315,268.6946478330232,-149.53464909138785,,,,,26.588951560350843,44.74968612502805,27.116300542671024,37.69633189208524,62.98793080563745,,,50,41.5129251858005,66.66666666666666,39.0
Sri Ganganagar,Opium,Rabi,18446.29710111631,20.941564270565244,3862.9431629696855,2485.465088150359,348.51554368155143,190.79147202556635,,,,,1.6650663114266644,42.53692868398138,77.60811028383478,56.56540132392274,33.45514307043612,,,50,32.33015773760884,66.66666666666666,45.0
Udaipur,Sugarcane,Rabi,13912.677175790604,26.096957180183917,3630.785405183294,2510.1623974946974,306.386771961464,-106.60383728865102,,,,,14.503396787449496,49.049434693298146,33.48564525962436,42.82391891982863,49.042290515074036,,,50,36.06263541078561,66.66666666666666,52.0
Alwar,Citrus,Kharif,11115.955572837283,30.32223003144881,3370.6056189893743,2478.8542222968263,263.59636121257967,340.7124223410011,,,,,25.025475350015995,40.79369005836211,99.85083462922822,64.41654788670856,64.8742365777563,,,50,48.494418535345545,66.66666666666666,23.0
Jodhpur,Oilseeds,Rabi,13596.896396064329,38.21621141276158,5196.218672294103,2505.795658348279,342.47291786105546,-161.82365843715024,,,,,44.683635944483804,47.897956427562015,25.293066052890612,38.856000277693454,35.69084318157745,,,50,42.39431402519501,66.66666666666666,38.0
Ajmer,Wheat,Kharif,14859.238263362447,36.239413446532815,5384.90078926532,2437.9031415239688,241.12624618577496,4.503758758891792,74052.11,40.666666666666664,3.0,,39.76087137159853,29.995179341955385,49.96990330604891,37.98506892759279,73.18791347172989,76.34356921253551,100.0,50,57.466954031058,100.0,14.0
Bhilwara,Cotton,Kharif,15230.465673180766,28.37268002069287,4321.291291113044,2577.1034544330764,305.4366722745149,120.71996455962663,91569.22,46.875,2.0,,20.170565596984204,66.70131852821257,67.212090102854,66.90562715806914,49.393816166141576,65.08482408843429,62.65664160401001,50,49.361227029447264,100.0,31.0
Nagaur,Wheat,Kharif,17988.80045834142,39.300791554366775,7069.740971263735,2556.8332538105415,257.89704597663444,-13.331204343264167,74052.11,40.666666666666664,3.0,,47.38453547431015,61.35620981520303,47.32385439055804,55.743267645345036,66.98291583160199,76.34356921253551,100.0,50,61.99376015426717,100.0,11.0
Ajmer,Barley,Rabi,10330.254304020746,35.06648024248387,3622.456584517774,2479.090532131035,224.21801866417482,41.58834654923598,69371.63,,,,36.83994868658159,40.856003292321695,55.47188459650668,46.702355813995695,79.4437577474129,79.3518469123646,,50,55.41088781490128,83.33333333333334,6.0
Kota,Pomegranate,Kharif,19502.27937190293,45.8500635088871,8941.807477698081,2536.50997937701,338.37229356826066,-164.5133349984073,,,,,63.69400387052189,55.997105913153554,24.89401752628754,43.55587055840715,37.20802568790673,,,50,50.28783857666389,66.66666666666666,20.0
Sri Ganganagar,Guava,Rabi,13954.043596776422,29.41373988230456,4104.406086619192,2394.853086415687,286.3322472836942,85.1437581401838,,,,,22.76308779325694,18.643183920706257,61.933896821811175,35.95946908114823,56.46222753962012,,,50,38.46933319398253,66.66666666666666,41.0
Kota,Onion,Rabi,14035.094846347853,43.92852688126805,6165.410412389383,2616.4830118474365,349.6511976695419,-85.18026394926444,192832.55,57.291666666666664,4.0,,58.908855060403276,77.08542963641491,36.664111213039796,60.91690226706487,33.03496452180643,0.0,0.0,50,39.36583889678476,100.0,43.0
Nagaur,Guava,Kharif,16145.80635669466,44.37828165538778,7165.23142050746,2500.4551225324476,277.585217086817,134.05041510232655,,,,,60.0288667694129,46.48969485911924,69.18983594956404,55.569751295297166,59.69852529563602,,,50,56.76792766101075,66.66666666666666,17.0
Bhilwara,Garlic,Rabi,18090.850362095527,45.098272941716864,8158.6610737754145,2574.8737705489516,323.56940331748535,-332.3045959409121,,,,,61.821840891036786,66.11336663872594,0.0,39.66801998323556,42.68492006495336,,,50,49.72240297219909,66.66666666666666,29.0
Nagaur,Mustard,Kharif,14222.87356253789,37.45418669611111,5327.061617664771,2485.796091347403,249.47450176130917,-13.083311199125362,,,,,42.785987149373824,42.62421188879522,47.36063256505994,44.51878015930111,70.09915761086705,,,50,50.15350194777832,66.66666666666666,28.0
Udaipur,Mustard,Rabi,14785.196221757808,26.44514866601114,3909.967121405314,2389.0634142342865,358.55290737834696,174.53150876857504,,,,,15.370488286071652,17.116488265416674,75.19573309551963,40.348186197457856,29.741437175165302,,,50,31.831299849712376,66.66666666666666,57.0
Hanumangarh,Chilli,Rabi,17182.88863091094,39.52178030964259,6790.983495559174,2572.77472190949,272.596436405743,29.529625191262312,,,,,47.934857578067245,65.55986234043378,53.6828163271355,60.80904393511447,61.5443151648855,,,50,54.502893941696705,66.66666666666666,18.0
Kota,Oilseeds,Kharif,17197.920231646738,45.98793076393343,7908.967648966201,2517.5378843437566,305.0890342343076,-116.9471638664763,,,,,64.03733083184903,50.994298474062404,31.95107813340956,43.377010337801266,49.522438130866284,,,50,52.817467326869945,66.66666666666666,15.0
Bhilwara,Gram,Rabi,15235.90557094827,34.34608251624712,5232.936699495385,2540.6647921373474,303.3902739725327,190.92082041466003,46863.89,,,,35.045962419046674,57.09270068795382,77.62730080095115,65.30654073315276,50.150959343146276,93.81821196798955,,50,56.57574938673621,83.33333333333334,16.0
Bhilwara,Mustard,Kharif,17748.983024107445,46.78402948760304,8303.689451748085,2485.7560886235715,246.2831469107493,-116.45285887458363,,,,,66.01983317166905,42.61366345310493,32.024414712814156,38.37796395698862,71.27992117393383,,,50,56.49671901387342,66.66666666666666,17.0
Bhilwara,Pulses,Kharif,17994.030329578956,25.871810842234677,4655.381489763004,2659.08827357726,281.0703717009987,-25.243724503492558,,,,,13.942721172082582,88.32013618583895,45.5564769718223,71.21467250023228,58.409059293646976,,,50,45.319964916152195,66.66666666666666,39.0
Jaipur,Garlic,Kharif,20000.0,41.23544024833474,8247.088049666949,2470.5552075866267,261.84331677112203,-157.54974056843614,,,,9.014809614544701,52.20233689577422,38.605298504527816,25.927157397887058,33.53404206187152,65.52284229471277,,,50,49.4477586406997,66.66666666666666,14.0
Sri Ganganagar,Wheat,Kharif,18324.54845021255,28.10013673310576,5149.223170233939,2534.583143620669,359.8771878092114,30.532576180596187,74052.11,40.666666666666664,3.0,,19.491858686297185,55.489012935607654,53.83161716077988,54.82605462567655,29.251469072817542,76.34356921253551,100.0,50,49.177431339512566,100.0,22.0
Jaipur,Bajra,Rabi,16838.32171518771,23.37943370264518,3936.7042620404177,2488.7235406278105,260.04182090120656,-70.18672056407927,37245.85,,,9.014809614544701,7.736024233574897,43.39615958418229,38.88859852969361,41.593135162386815,66.18937446735359,100.0,,50,47.42337695663791,83.33333333333334,26.0
Udaipur,Opium,Rabi,13128.693117912584,45.90367577260799,6026.552722027292,2535.642031221851,303.2934197319395,104.88091920157204,,,,,63.827512988310446,55.76823411592906,64.86216156349947,59.40580509495722,50.186794267050445,,,50,57.15474454150217,66.66666666666666,11.0
Jaipur,Mustard,Kharif,14427.95279770996,26.354204468992624,3802.372180998225,2367.260852629111,304.6430084906978,-143.19091570599858,,,,9.014809614544701,15.144012501069536,11.367306786068463,28.057475960216095,18.043374455727516,49.687462382604316,,,50,29.79706316507138,66.66666666666666,44.0
Alwar,Oilseeds,Rabi,17610.203192066263,46.33391407235758,8159.496414979554,2423.446061721447,252.31632608328425,126.79551962368693,,,,,64.89892336817147,26.182949524593656,68.11347777582981,42.955160825088115,69.04771621084961,,,50,56.89722725158391,66.66666666666666,9.0
Alwar,Guava,Kharif,15451.256715430727,37.53507722668246,5799.641140629884,2449.5066072578297,393.12308276116,-215.55321920132823,,,,,42.98742657059005,33.05493128768682,17.321586371350463,26.761593321152276,16.950881009437623,,,50,34.85574327772481,66.66666666666666,41.0
Alwar,Pomegranate,Rabi,20000.0,41.82586660570046,8365.173321140092,2412.0135755408783,271.33129491782745,-35.076677235859215,,,,,53.67265910603156,23.168283679245047,44.097630448590266,31.540022386983132,62.01240255754655,,,50,48.704039516715326,66.66666666666666,25.0
Hanumangarh,Pulses,Kharif,15603.297140144903,30.90407131895238,4822.054076298438,2463.7618975280384,244.56341874289987,37.671945493833434,,,,,26.4744184014037,36.813950630843344,54.89083552419194,44.04470458818278,71.9162002635562,,,50,44.95330074336121,66.66666666666666,34.0
Hanumangarh,Pomegranate,Rabi,18316.57779887395,48.324003465065175,8851.303690209206,2486.2285110710563,312.7758807034228,101.13144924290056,,,,,69.85478720790691,42.73823791525728,64.30587889215438,51.365294306016125,46.678395819486404,,,50,56.318020048137214,66.66666666666666,15.0
Ajmer,Wheat,Rabi,16916.190666087554,43.80870564174411,7410.764174702489,2437.9031415239688,241.12624618577496,4.503758758891792,74052.11,40.666666666666664,3.0,,58.61046758576774,29.995179341955385,49.96990330604891,37.98506892759279,73.18791347172989,76.34356921253551,100.0,50,62.17935308460031,100.0,1.0
Bhilwara,Fenugreek,Kharif,19900.294596903288,33.908027626142086,6747.797389601627,2395.123197196325,302.18302324418806,-149.124636198497,,,,,33.95508660329391,18.714410225465187,27.177131292045548,22.09949865209733,50.59762783921312,,,50,37.33108740949988,66.66666666666666,50.0
Ajmer,Maize,Kharif,15907.9063957171,31.115553928766605,4949.8331934970665,2513.017791635528,358.7174179668526,-51.35285858715823,63029.7,46.25,2.0,,27.001067617540293,49.80238195738498,41.6828470948904,46.55456801238715,29.68057020243988,83.42798581112653,66.41604010025061,50,47.16906791892253,100.0,30.0
Sri Ganganagar,Bajra,Rabi,14807.584960221022,26.65381850376651,3946.786820088337,2389.0132934877433,326.88810338919103,197.05452097240195,37245.85,,,,15.890132934781784,17.10327177861227,78.53731511473444,41.676889113061144,41.45704027567524,100.0,,50,45.584963441843286,83.33333333333334,31.0
Alwar,Coriander,Rabi,15964.07164635082,32.3253145000283,5160.436366692748,2460.2661253266865,357.49294060823,2.163949460238926,,,,,30.013700462990784,35.8921401959052,49.62276214171382,41.38438897422864,30.133612348037758,,,50,37.06712635039879,66.66666666666666,50.0
Jodhpur,Gram,Rabi,19841.133807175946,37.80105325287055,7500.15755642388,2462.6562582730517,263.9373315917097,242.704284744581,46863.89,,,,43.649779214271405,36.52240136967299,85.31005174614286,56.03746152026093,64.74808156879789,93.81821196798955,,50,59.338756820153506,83.33333333333334,5.0
Jaipur,Maize,Rabi,14267.530094128057,38.436398848403066,5483.924772794996,2454.2802540871708,247.47241633051053,-11.506915552902583,63029.7,46.25,2.0,9.014809614544701,45.2319625444136,34.313708234964515,47.59451137749035,39.62602949197485,70.83990554944843,83.42798581112653,66.41604010025061,50,56.51498424860968,100.0,15.0
Ajmer,Garlic,Rabi,18568.411466773923,38.47539870162506,7144.270344399532,2386.724344739221,339.915025092839,52.811285760600526,,,,,45.32908278586915,16.499692163038233,57.13695370591579,32.75459678018926,36.63723326364937,,,50,41.17170005607006,66.66666666666666,29.0
Jaipur,Pulses,Kharif,16792.200209549574,33.01743896711341,5544.35445542352,2504.7348677814603,260.6243666881331,34.848381540048884,,,,9.014809614544701,31.737278625656383,47.61823344864495,54.47192306023357,50.3597092932804,65.97383941367562,,,50,47.20311656949536,66.66666666666666,22.0
Nagaur,Mango,Kharif,14107.309489920024,35.176644139555435,4962.4780569349,2497.9502589505228,238.95169081755617,17.425379685660598,,,,,37.114286751967946,45.82918002722547,51.88699395792291,48.252305599504446,73.99247324803102,,,50,50.03720506013005,66.66666666666666,29.0
Kota,Fenugreek,Rabi,14549.83323890242,35.78277985490532,5206.334797132294,2455.3127982296883,273.32526198793164,-30.717156341979056,,,,,38.62372953613741,34.58598283132947,44.744422116576224,38.64935854542817,61.274658316438114,,,50,45.43600378744761,66.66666666666666,34.0
Sri Ganganagar,Barley,Rabi,14480.784527148391,40.713157002354656,5895.584539710605,2552.3739575866252,268.02531449301875,115.60820513872446,69371.63,,,,50.901709565998466,60.1803249019651,66.45369405827269,62.689672564488134,63.235576227858175,79.3518469123646,,50,60.168305972700736,83.33333333333334,8.0
Alwar,Garlic,Kharif,11711.174739314394,22.40318650433559,2623.6763186972407,2528.8189447079412,263.352924211253,296.478501081692,,,,,5.304903196261571,53.96903440132078,93.28815666316306,69.69668330605771,64.96430539007227,,,50,43.346944358383695,66.66666666666666,30.0
Udaipur,Fennel,Kharif,19783.51518967492,40.86384622840113,8084.305225681138,2543.258940436375,330.1459237111207,310.4078807126678,,,,,51.27696672235433,57.77675926902949,95.35476143575991,72.80796013572166,40.25168527402816,,,50,54.558115331782844,66.66666666666666,17.0
Udaipur,Opium,Kharif,12025.822951631078,27.62515094879836,3322.151743223324,2535.642031221851,303.2934197319395,104.88091920157204,,,,,18.30901489975011,55.76823411592906,64.86216156349947,59.40580509495722,50.186794267050445,,,50,41.98191184531539,66.66666666666666,44.0
Sri Ganganagar,Pomegranate,Rabi,13083.114756931493,38.05727735183918,4979.077269304819,2432.2045493813166,264.172948654992,-108.26062942369596,,,,,44.287846906908975,28.492500849483292,33.23983858163918,30.391435942345645,64.66090604110259,,,50,45.79917976181568,66.66666666666666,30.0
Bhilwara,Maize,Rabi,19926.045480409102,35.80217513095289,7133.957699569392,2564.7389671263845,280.1952312617438,24.789414604952373,63029.7,46.25,2.0,,38.67202904850005,63.4408905696742,52.97954438823322,59.2563520970978,58.732850909316774,83.42798581112653,66.41604010025061,50,56.98500719963613,100.0,15.0
Kota,Tomato,Rabi,12935.548964466829,47.85758387621377,6190.641195518415,2450.2861540325325,306.36672292678855,98.22432985744558,,56.666666666666664,4.0,,68.69327557782479,33.260492265363084,63.874569892352994,45.50612331615905,49.04970842086263,,3.759398496240607,50,48.832870200519366,83.33333333333334,24.0
Alwar,Garlic,Rabi,17945.296460974783,33.58297101890189,6026.563709745187,2528.8189447079412,263.352924211253,296.478501081692,,,,,33.145607244431005,53.96903440132078,93.28815666316306,69.69668330605771,64.96430539007227,,,50,52.62717904110685,66.66666666666666,18.0
Sri Ganganagar,Bajra,Kharif,7501.782855379281,50.59891763831232,3795.820928398396,2389.0132934877433,326.88810338919103,197.05452097240195,37245.85,,,,75.51994221602352,17.10327177861227,78.53731511473444,41.676889113061144,41.45704027567524,100.0,,50,62.148799353299324,83.33333333333334,2.0
Bhilwara,Guava,Rabi,10831.282599709211,32.074056440459934,3474.0316942564486,2571.038184435212,383.0889987647947,284.2001720438332,,,,,29.38799955909179,65.10194967557776,91.46650673607468,75.64777249977652,20.66337345432541,,,50,44.10141387716941,66.66666666666666,37.0
Ajmer,Barley,Kharif,18067.71129602892,42.82907157614677,7738.233003147782,2479.090532131035,224.21801866417482,41.58834654923598,69371.63,,,,56.17091232776923,40.856003292321695,55.47188459650668,46.702355813995695,79.4437577474129,79.3518469123646,,50,60.78059993745342,83.33333333333334,6.0
Nagaur,Coriander,Rabi,19152.818455531557,49.48189062238583,9477.176679270253,2493.3520104450463,351.9994672351066,131.9883035446136,,,,,72.73824114444204,44.61665437891584,68.88389485960194,54.32355057119028,32.16613254632398,,,50,55.165587043062885,66.66666666666666,15.0
Ajmer,Cumin,Rabi,16784.263024995857,40.141200245202185,6737.4046305450165,2485.919890320584,385.7855014370738,7.815464419838121,,,,,49.477381683516874,42.65685680349205,50.46123794590095,45.77860926045561,19.665699346546162,,,50,42.63322956660302,66.66666666666666,27.0
Udaipur,Sugarcane,Rabi,17276.785769360296,31.147069183724245,5381.212416306476,2510.1623974946974,306.386771961464,-106.60383728865102,,,,,27.079549173704017,49.049434693298146,33.48564525962436,42.82391891982863,49.042290515074036,,,50,40.25468620620378,66.66666666666666,46.0
Ajmer,Gram,Kharif,15312.603311855628,47.56145524702669,7282.896971322942,2514.4346222362988,263.56486376415717,90.41471879479228,46863.89,,,,67.9558347519622,50.17599017814527,62.71591244157075,55.191959083515464,64.8858902612758,93.81821196798955,,50,65.9255175989816,83.33333333333334,2.0
Nagaur,Opium,Rabi,12738.10623339997,33.93580196757514,4322.778505785959,2465.8775426422094,250.29402899518487,196.17957629610825,,,,,34.024252267351464,37.371831302276846,78.4075056837555,53.78610105486831,69.79594222366823,,,50,49.64356614848236,66.66666666666666,30.0
Ajmer,Garlic,Kharif,9921.129557413844,43.95133862026663,4360.469246734319,2386.724344739221,339.915025092839,52.811285760600526,,,,,58.96566249470187,16.499692163038233,57.13695370591579,32.75459678018926,36.63723326364937,,,50,45.71722662568097,66.66666666666666,34.0
Alwar,Tomato,Kharif,12034.226678547248,29.10065496880793,3502.03878388827,2498.563704124966,282.8798758148279,-75.51769971045312,,56.666666666666664,4.0,,21.98342120780088,45.99094118627514,38.097678385481935,42.833636065957855,57.73956416544017,,3.759398496240607,50,35.99936116421397,83.33333333333334,40.0
Udaipur,Chilli,Kharif,15539.682453460437,41.75180420490072,6488.097792032113,2565.603941010463,295.2578382433757,152.0568742817712,,,,,53.488223585018076,63.66897807262543,71.86132854030795,66.94591825969843,53.159864412504625,,,50,56.31362561342653,66.66666666666666,14.0
Bhilwara,Mango,Rabi,17754.94981800694,28.885890769538836,5128.675410615918,2470.8879837233767,349.00917395365167,-75.6934263913202,,,,,21.448599941415775,38.693049221017844,38.07160704512268,38.44447235065978,33.27250570598872,,,50,34.05589374851228,66.66666666666666,52.0
Alwar,Barley,Rabi,12031.115590288988,47.62660964019327,5730.012457547371,2413.9898348072156,271.3699708123437,86.2933972867854,69371.63,,,,68.11808691122569,23.68940928724333,62.10446075287438,39.055429873495754,61.998092933843694,79.3518469123646,,50,59.49233186604089,83.33333333333334,6.0
Jaipur,Cotton,Kharif,12052.53781938507,31.652449379206672,3814.923432190599,2473.7971420445647,281.40576174145417,-148.18492090467234,91569.22,46.875,2.0,9.014809614544701,28.33808331055613,39.4601737196683,27.316550287187418,34.60272434667594,58.28496894402138,65.08482408843429,62.65664160401001,50,46.27619881224357,100.0,25.0
Ajmer,Mango,Rabi,16650.156297073656,31.15559388235164,5187.455076693066,2419.4769442393545,287.406076742593,-92.70255297494792,,,,,27.1007779917797,25.136321282892542,35.5480817262161,29.301025460221965,56.064923335798056,,,50,38.0601841204787,66.66666666666666,35.0
Ajmer,Onion,Kharif,15316.12651843788,27.239904065552626,4172.098170181143,2492.403324478683,253.94268153308914,-182.9950896678531,192832.55,57.291666666666664,4.0,,17.34964538346384,44.3664925912184,22.152008663171703,35.48069901999972,68.44598392295072,0.0,0.0,50,29.20044873830851,100.0,60.0
Bhilwara,Fennel,Kharif,13195.89706814636,37.68859176764332,4973.347776092095,2497.525620636629,198.78146915174207,13.04575819291319,,,,,43.36971952949397,45.71720590354815,51.237220104466275,47.9252115839154,88.85498032867972,,,50,55.007625664611375,66.66666666666666,18.0
Udaipur,Oilseeds,Rabi,10221.018799404992,44.902224898232745,4589.464848199478,2548.9578021351304,296.33628093271363,-146.77735057676895,,,,,61.33362794285764,59.27950884154187,27.525381666220415,46.57785797141329,52.76085336796266,,,50,53.41747544692194,66.66666666666666,21.0
Bhilwara,Oilseeds,Rabi,14941.086603219956,40.20352033660415,6006.842791035173,2572.1419740866495,262.7972748944641,11.953323777736209,,,,,49.632575660531046,65.39301120935804,51.07514323988479,59.66586402156874,65.16988906779842,,,50,55.4890667728217,66.66666666666666,20.0
Jodhpur,Fenugreek,Rabi,15671.742402193984,50.1254859610252,7855.537037659778,2600.736397971686,276.76488909499176,118.47205023916065,,,,,74.34096857863311,72.93315879336765,66.87858275463489,70.51132837787455,60.00203695380874,,,50,65.58375115107266,66.66666666666666,1.0
Alwar,Pulses,Rabi,15375.673507943722,25.55272016189741,3928.9028244918536,2421.2287700549305,199.14821140858956,118.42926079120296,,,,,13.148098593782953,25.59826537535014,66.87223438308435,42.10785297844382,88.71929002966881,,,50,43.35531833144643,66.66666666666666,36.0
Kota,Wheat,Rabi,15366.892509096851,39.68847731113775,6098.88564689983,2466.2505423807247,308.9406393347606,-151.83417880721348,74052.11,40.666666666666664,3.0,,48.34997844898363,37.470188698407995,26.775135378726063,33.192167370535216,48.097389781529884,76.34356921253551,100.0,50,54.892071935462766,100.0,14.0
Udaipur,Barley,Kharif,15146.580210977114,41.65049144382029,6308.625094804401,2419.3044090480366,274.43022999770966,-74.85176930889443,69371.63,,,,53.235927255525496,25.09082497175153,38.19647782828111,30.33308611436336,60.86583321694427,79.3518469123646,,50,53.23139006238931,83.33333333333334,22.0
Jaipur,Wheat,Kharif,12894.024936579734,23.619381865205323,3045.488987565566,2503.988940727061,297.6413670220433,-33.230135454014736,74052.11,40.666666666666664,3.0,9.014809614544701,8.333560417929355,47.42153775371899,44.37158895645326,46.201558234812694,52.277986945046564,76.34356921253551,100.0,50,48.11693517508219,100.0,20.0
Hanumangarh,Cotton,Kharif,10792.18418460092,29.87748752323558,3224.433483238743,2447.1388047829505,318.03204408467894,163.67429764067967,91569.22,46.875,2.0,,23.917945546317853,32.430558501504706,73.58492450759772,48.89230490394191,44.733677512456296,65.08482408843429,62.65664160401001,50,45.99638676790244,100.0,31.0
Alwar,Oilseeds,Rabi,11268.410293826146,44.62865607659507,5028.940075331307,2423.446061721447,252.31632608328425,126.79551962368693,,,,,60.65236717346646,26.182949524593656,68.11347777582981,42.955160825088115,69.04771621084961,,,50,55.48170852001558,66.66666666666666,13.0
Hanumangarh,Pulses,Rabi,12844.778203292408,32.46502405844865,4170.060333953248,2463.7618975280384,244.56341874289987,37.671945493833434,,,,,30.36161526077723,36.813950630843344,54.89083552419194,44.04470458818278,71.9162002635562,,,50,46.24903302981906,66.66666666666666,32.0
Hanumangarh,Cotton,Kharif,14115.150965123918,35.6363544011449,5030.125222188184,2447.1388047829505,318.03204408467894,163.67429764067967,91569.22,46.875,2.0,,38.25909033240756,32.430558501504706,73.58492450759772,48.89230490394191,44.733677512456296,65.08482408843429,62.65664160401001,50,49.58167296442486,100.0,21.0
Alwar,Mustard,Kharif,12979.528127268395,50.34902647027679,6535.066052515385,2524.2067437682936,292.23551729868035,234.210612756137,,,,,74.89764524379979,52.752829594681906,84.04990495330533,65.27165973813128,54.278087428902744,,,50,63.22727516388215,66.66666666666666,4.0
Bhilwara,Cumin,Rabi,12493.958840220728,60.42919242071256,7549.9984285216115,2441.307705208337,229.5698778798867,22.735909830844623,,,,,100.0,30.892938735273017,52.67488022664455,39.60571533182163,77.46363311305359,,,50,69.38758404442981,66.66666666666666,4.0
Ajmer,Sugarcane,Rabi,11437.20474291146,42.62429692688288,4875.028109754113,2496.761937413637,371.7014042161029,38.96302850322494,,,,,55.660967757791546,45.51582803239601,55.082384493328654,49.34245061676907,24.876648800911894,,,50,46.686972510584646,66.66666666666666,23.0
Jaipur,Mustard,Kharif,16901.330642796296,35.9084460748708,6069.005199804124,2367.260852629111,304.6430084906978,-143.19091570599858,,,,9.014809614544701,38.936672601753095,11.367306786068463,28.057475960216095,18.043374455727516,49.687462382604316,,,50,37.72794986529923,66.66666666666666,38.0
Hanumangarh,Onion,Rabi,14444.137023366877,40.38749243775104,5833.624748010694,2592.7250371916166,263.6853652156814,-0.807267255342992,192832.55,57.291666666666664,4.0,,50.09071622795228,70.82061954888646,49.18194346869938,62.16514911681163,64.84130614891004,0.0,0.0,50,42.1819048026869,100.0,43.0
Kota,Mustard,Kharif,15131.434415937329,45.45507692985292,6878.005154354552,2384.9080130746947,310.1454691446306,154.8290104522878,,,,,62.71037986278171,16.02073833388955,72.2726110232362,38.52148740962821,47.65161699667595,,,50,50.706179996163286,66.66666666666666,19.0
Udaipur,Cumin,Rabi,17891.637350384728,57.84097919770399,10348.698237964669,2503.771507611252,264.7574991071007,29.354549146630738,,,,,93.55464514888855,47.36420217705404,53.65684151713044,49.881257913084596,64.44462928500852,,,50,67.37547635012045,66.66666666666666,1.0
Jaipur,Maize,Rabi,13327.5246449765,41.02090056495212,5467.070632385297,2454.2802540871708,247.47241633051053,-11.506915552902583,63029.7,46.25,2.0,9.014809614544701,51.66807473500885,34.313708234964515,47.59451137749035,39.62602949197485,70.83990554944843,83.42798581112653,66.41604010025061,50,58.124012296258485,100.0,14.0
Nagaur,Onion,Kharif,14735.153854946237,32.91361348943454,4849.871586890517,2527.523798232102,282.7244871643125,-140.60551481108678,192832.55,57.291666666666664,4.0,,31.478724948440956,53.627513424713555,28.441053834468242,43.55292958861543,57.797056128958594,0.0,0.0,50,32.74982557417711,100.0,59.0
Jodhpur,Fenugreek,Kharif,12588.976296090808,55.2657753858966,6957.395363181311,2600.736397971686,276.76488909499176,118.47205023916065,,,,,87.14168726988524,72.93315879336765,66.87858275463489,70.51132837787455,60.00203695380874,,,50,69.85065738149005,66.66666666666666,1.0
Nagaur,Fenugreek,Rabi,20000.0,27.85167061603172,5570.334123206345,2612.662662648438,273.9225402489848,-32.02449652768444,,,,,18.873110478543868,76.0780305400486,44.550461183730484,63.46700279752136,61.053672421516495,,,50,45.42630538982362,66.66666666666666,37.0
Udaipur,Wheat,Rabi,16706.949237555826,46.13671318379784,7708.037251493831,2398.105904302635,283.4050603710886,56.87306007063202,74052.11,40.666666666666664,3.0,,64.40783952221052,19.500929019194793,57.73957079272818,34.79638572860815,57.5452520889222,76.34356921253551,100.0,50,60.644560221492924,100.0,7.0
Alwar,Mustard,Kharif,13862.61677703754,28.46962616626369,3946.635173284341,2524.2067437682936,292.23551729868035,234.210612756137,,,,,20.41198786625347,52.752829594681906,84.04990495330533,65.27165973813128,54.278087428902744,,,50,45.065389371366706,66.66666666666666,27.0
Ajmer,Cumin,Kharif,13254.957258154069,37.671417848840434,4993.330334404423,2485.919890320584,385.7855014370738,7.815464419838121,,,,,43.32695180082126,42.65685680349205,50.46123794590095,45.77860926045561,19.665699346546162,,,50,40.583086272371155,66.66666666666666,44.0
Hanumangarh,Mango,Kharif,13052.16736480198,38.518329434152335,5027.476823871346,2497.2234059590314,350.5513325919928,145.47615391122,,,,,45.43599198589045,45.63751402794679,70.88499301889938,55.73650562432783,32.701925242865855,,,50,46.54878387702408,66.66666666666666,29.0
Kota,Opium,Rabi,15102.250404777678,34.6308954881301,5230.044554034264,2483.3944626250486,268.8450137752359,-59.81677148988294,,,,,35.75522418066133,41.99091936010661,40.42711544976258,41.365397795969,62.932297184807176,,,50,45.53564024277361,66.66666666666666,32.0
Udaipur,Barley,Rabi,15701.357735372245,30.337307931563537,4763.369245616248,2419.3044090480366,274.43022999770966,-74.85176930889443,69371.63,,,,25.063023422093323,25.09082497175153,38.19647782828111,30.33308611436336,60.86583321694427,79.3518469123646,,50,45.40558344199148,83.33333333333334,36.0
Jodhpur,Mango,Kharif,15992.640696643371,53.3258938863609,8528.218607519013,2493.8565053632315,268.6946478330232,-149.53464909138785,,,,,82.31085473937222,44.74968612502805,27.116300542671024,37.69633189208524,62.98793080563745,,,50,60.086892912140954,66.66666666666666,8.0
Udaipur,Wheat,Kharif,9018.793072285633,46.25657322207418,4171.784621229157,2398.105904302635,283.4050603710886,56.87306007063202,74052.11,40.666666666666664,3.0,,64.70632361629177,19.500929019194793,57.73957079272818,34.79638572860815,57.5452520889222,76.34356921253551,100.0,50,60.719181245013225,100.0,7.0
Bhilwara,Onion,Rabi,18683.00697741988,29.795167846781585,5566.633287748167,2499.272069933312,313.63439667800384,81.01883349342887,192832.55,57.291666666666664,4.0,,23.712947163163804,46.17773224595412,61.321910560583184,52.23540357180575,46.36075505919357,0.0,0.0,50,30.829430764031134,100.0,54.0
Alwar,Citrus,Rabi,20000.0,43.75193164088732,8750.386328177463,2478.8542222968263,263.59636121257967,340.7124223410011,,,,,58.4690848826016,40.79369005836211,99.85083462922822,64.41654788670856,64.8742365777563,,,50,59.64228837954075,66.66666666666666,5.0
Alwar,Mustard,Kharif,12884.964432724772,44.700689648517056,5759.667962394107,2524.2067437682936,292.23551729868035,234.210612756137,,,,,60.831750358786316,52.752829594681906,84.04990495330533,65.27165973813128,54.278087428902744,,,50,58.53864353554433,66.66666666666666,9.0
Jodhpur,Mustard,Kharif,16674.980737565165,29.07484163697549,4848.224242443239,2556.6525166723172,348.6342084700552,-54.166978037472646,,,,,21.919138990991797,61.30855070860234,41.265335845951164,53.291264763541875,33.4112385016729,,,50,38.19963130094301,66.66666666666666,44.0
Kota,Pomegranate,Kharif,16616.267977339106,30.885603782547296,5132.034690927242,2536.50997937701,338.37229356826066,-164.5133349984073,,,,,26.428429213071595,55.997105913153554,24.89401752628754,43.55587055840715,37.20802568790673,,,50,37.865980357513784,66.66666666666666,36.0
Jodhpur,Wheat,Kharif,15508.082472108234,31.012286533547837,4809.410972109114,2618.2501495852725,309.97669689325267,25.493473045584977,74052.11,40.666666666666664,3.0,,26.743903717434243,77.5514113746072,53.084000621902305,67.76444707352525,47.71406073427814,76.34356921253551,100.0,50,56.34750983608566,100.0,13.0
Sri Ganganagar,Gram,Rabi,14666.3218159539,24.72539011670464,3626.305284765962,2538.706433943494,250.80332093930065,-28.482264486109624,46863.89,,,,11.087821769273514,56.576295466314264,45.07599741267245,51.97617624485754,69.60751022574428,93.81821196798955,,50,50.201165578166616,83.33333333333334,24.0
Alwar,Tomato,Kharif,12793.4101722307,30.99175532790293,3964.902378672783,2498.563704124966,282.8798758148279,-75.51769971045312,,56.666666666666664,4.0,,26.692775431431304,45.99094118627514,38.097678385481935,42.833636065957855,57.73956416544017,,3.759398496240607,50,37.38446534763469,83.33333333333334,37.0
Jodhpur,Guava,Rabi,18273.930361782808,42.35498293927256,7739.920087067657,2500.030002171362,311.7972935026563,5.607781593094496,,,,,54.99030268233127,46.37759362300269,50.13369946342735,47.88003595917255,47.04046151385626,,,50,50.506202785994354,66.66666666666666,21.0
Udaipur,Pomegranate,Rabi,11723.061705982263,31.27430523824301,3666.306101196471,2567.4013696791335,336.86630147296796,108.18358171323715,,,,,27.396401554311023,64.14294731529992,65.3521545344503,64.62663020296007,37.765224957701584,,,50,43.91894689710002,66.66666666666666,39.0
Alwar,Mustard,Rabi,18639.29309993755,39.85594422026318,7428.8662609624735,2524.2067437682936,292.23551729868035,234.210612756137,,,,,48.76701659929395,52.752829594681906,84.04990495330533,65.27165973813128,54.278087428902744,,,50,54.51706561571355,66.66666666666666,14.0
Kota,Fenugreek,Kharif,20000.0,30.387508380148407,6077.501676029682,2455.3127982296883,273.32526198793164,-30.717156341979056,,,,,25.18803619226933,34.58598283132947,44.744422116576224,38.64935854542817,61.274658316438114,,,50,40.95743933949158,66.66666666666666,29.0
Sri Ganganagar,Sugarcane,Kharif,15576.147349470097,36.17422557118888,5634.5506774980695,2525.773679113796,220.09829426346843,1.0812530726509348,,,,,39.59853583260716,53.166019376269745,49.46213004027501,51.68446364187185,80.9680070678474,,,50,53.17563699560436,66.66666666666666,14.0
Jodhpur,Oilseeds,Kharif,15400.622714346848,31.412682545582516,4837.748723300649,2505.795658348279,342.47291786105546,-161.82365843715024,,,,,27.740998684568968,47.897956427562015,25.293066052890612,38.856000277693454,35.69084318157745,,,50,36.74676827189007,66.66666666666666,45.0
Sri Ganganagar,Onion,Rabi,17124.32603006577,37.28360119982375,6384.565425207332,2579.646327014895,299.33065418109754,-116.26178342479348,192832.55,57.291666666666664,4.0,,42.36118286885673,67.37185606487819,32.05276324282222,53.2442189360558,51.652970668771964,0.0,0.0,50,36.48708510474114,100.0,42.0
Ajmer,Fennel,Kharif,12642.03161847615,34.54084095432485,4366.664034733307,2436.16073414115,328.5196270392623,93.04381484032236,,,,,35.53096389902521,29.53571882368292,63.105973060151754,42.96382051827045,40.85339581478181,,,50,41.47135260083689,66.66666666666666,41.0
Ajmer,Tomato,Rabi,9491.383880690111,29.829285219131457,2831.211969013721,2398.7974368600517,317.5271365598122,120.12018078079888,,56.666666666666664,4.0,,23.797908699341576,19.683281269515852,67.1231043724992,38.659210510709194,44.92048732709545,,3.759398496240607,50,33.288626147841896,83.33333333333334,41.0
Jaipur,Pomegranate,Kharif,11689.90018147838,36.12835432772418,4223.3685581217815,2398.6335675262926,377.4853499041316,-208.32035645843317,,,,9.014809614544701,39.48430396061015,19.640070083796413,18.39467570195964,19.141912331061704,22.73665728038783,,,50,32.81327606456407,66.66666666666666,43.0
Alwar,Mango,Kharif,16165.735813592892,41.687147497927,6739.034132737678,2456.5885699146734,325.69308216421206,-9.696984694991025,,,,,53.32721079973235,34.9223948124543,47.86303817826132,40.098652158777114,41.89918400008716,,,50,46.848547642268784,66.66666666666666,26.0
Nagaur,Pulses,Kharif,14981.78726538032,35.78504275668158,5361.238978631423,2459.371126676146,256.01283944614437,84.74656805222712,,,,,38.62936477700997,35.65613537413659,61.87496850244983,46.143668625461885,67.68004997076073,,,50,48.717443219945295,66.66666666666666,34.0
Ajmer,Onion,Kharif,15245.488075642696,29.149791429614236,4444.027976476555,2492.403324478683,253.94268153308914,-182.9950896678531,192832.55,57.291666666666664,4.0,,22.10578435903161,44.3664925912184,22.152008663171703,35.48069901999972,68.44598392295072,0.0,0.0,50,30.389483482200454,100.0,59.0
Alwar,Mango,Kharif,17757.229448963306,42.112884471897125,7478.0815232516115,2456.5885699146734,325.69308216421206,-9.696984694991025,,,,,54.387411654160466,34.9223948124543,47.86303817826132,40.098652158777114,41.89918400008716,,,50,47.20194792707815,66.66666666666666,25.0
Bhilwara,Cumin,Rabi,15802.176942215709,34.21349267069981,5406.476649935986,2441.307705208337,229.5698778798867,22.735909830844623,,,,,34.715777642688444,30.892938735273017,52.67488022664455,39.60571533182163,77.46363311305359,,,50,47.62617659199263,66.66666666666666,31.0
Sri Ganganagar,Pomegranate,Kharif,12995.728639070854,30.609755324440385,3977.960739047814,2432.2045493813166,264.172948654992,-108.26062942369596,,,,,25.74149152887096,28.492500849483292,33.23983858163918,30.391435942345645,64.66090604110259,,,50,39.61706130246967,66.66666666666666,43.0
Nagaur,Bajra,Rabi,14475.120729913777,38.86545037288712,5625.820863700134,2461.8406586861793,271.0896348560723,-143.9682952583953,37245.85,,,,46.30041753109183,36.30733352010903,27.942141585271667,32.96125674617409,62.101813923229976,100.0,,50,55.53625313388031,83.33333333333334,14.0
Hanumangarh,Wheat,Kharif,16609.52953071121,44.21012100812951,7343.093104408432,2391.2379693776215,367.04899655023235,310.2874179878692,74052.11,40.666666666666664,3.0,,59.6101010224733,17.68990309539315,95.33688922259725,48.74869754627479,26.59798463150082,76.34356921253551,100.0,50,57.59349784147874,100.0,11.0
Ajmer,Tomato,Kharif,15084.543472107383,45.74029658608848,6899.714922799367,2398.7974368600517,317.5271365598122,120.12018078079888,,56.666666666666664,4.0,,63.42065437904173,19.683281269515852,67.1231043724992,38.659210510709194,44.92048732709545,,3.759398496240607,50,44.94237487716546,83.33333333333334,35.0
Jodhpur,Citrus,Kharif,18257.686697494733,29.831393858602727,5446.522428199371,2458.4225639014226,197.3608881143447,-116.02539327617669,,,,,23.803159785119433,35.40600607120435,32.08783479821582,34.07873756200894,89.38057851687498,,,50,44.89816564828386,66.66666666666666,36.0
Sri Ganganagar,Maize,Kharif,14924.919123764568,44.85757090680104,6694.956178725399,2523.743736224537,215.29733947567934,98.90388588126542,63029.7,46.25,2.0,,61.22242735948325,52.63073777613464,63.97539087356525,57.168599015106885,82.74430357726183,83.42798581112653,66.41604010025061,50,65.8067740611755,100.0,1.0
Alwar,Pomegranate,Rabi,19170.62264705194,38.24742889952209,7332.27026652687,2412.0135755408783,271.33129491782745,-35.076677235859215,,,,,44.76137597685157,23.168283679245047,44.097630448590266,31.540022386983132,62.01240255754655,,,50,45.73361180698866,66.66666666666666,33.0
Nagaur,Onion,Kharif,15031.05785953014,33.3270881534682,5009.41390324442,2527.523798232102,282.7244871643125,-140.60551481108678,192832.55,57.291666666666664,4.0,,32.50838931610199,53.627513424713555,28.441053834468242,43.55292958861543,57.797056128958594,0.0,0.0,50,33.00724166609237,100.0,58.0
Alwar,Garlic,Rabi,11804.65901077388,43.401592270011285,5123.409972721228,2528.8189447079412,263.352924211253,296.478501081692,,,,,57.59664456603974,53.96903440132078,93.28815666316306,69.69668330605771,64.96430539007227,,,50,60.777524814976424,66.66666666666666,4.0
Udaipur,Opium,Rabi,13171.46339352215,27.215685013781822,3584.703988886567,2535.642031221851,303.2934197319395,104.88091920157204,,,,,17.289333357610417,55.76823411592906,64.86216156349947,59.40580509495722,50.186794267050445,,,50,41.64201799793549,66.66666666666666,43.0
Ajmer,Fenugreek,Kharif,15169.949774691322,30.70296495454734,4657.6243629459095,2459.3967608095586,336.8618102587897,-5.9558410298217,,,,,25.973608858401416,35.662894914034844,48.4180855355906,40.76497116265715,37.76688665384755,,,50,37.08190592694522,66.66666666666666,50.0
Nagaur,Barley,Kharif,14788.503665822724,51.56242046315715,7625.310440380923,2570.1274617512154,181.80305849070606,53.49096807035679,69371.63,,,,77.91932629727573,64.86179853726325,57.23779342329045,61.812196491674136,95.13679153617322,79.3518469123646,,50,72.79507404437159,83.33333333333334,2.0
Udaipur,Citrus,Rabi,15193.423244430362,20.27293597251623,3080.1529663767656,2441.090367696757,320.9339084147643,103.0029107565951,,,,,0.0,30.835628368767786,64.58353456659174,44.33479084789737,43.660022019295816,,,50,30.554615296631795,66.66666666666666,58.0
Sri Ganganagar,Maize,Rabi,12181.993818543737,35.62366704361997,4339.672917192387,2523.743736224537,215.29733947567934,98.90388588126542,63029.7,46.25,2.0,,38.22749536154343,52.63073777613464,63.97539087356525,57.168599015106885,82.74430357726183,83.42798581112653,66.41604010025061,50,60.05804106169055,100.0,9.0
Alwar,Tomato,Rabi,11370.915771476675,35.64139613181018,4052.7531339264815,2498.563704124966,282.8798758148279,-75.51769971045312,,56.666666666666664,4.0,,38.271645612982056,45.99094118627514,38.097678385481935,42.833636065957855,57.73956416544017,,3.759398496240607,50,40.790015401031965,83.33333333333334,44.0
Jaipur,Onion,Rabi,19592.25249703109,36.33286394252859,7118.426443022967,2492.813910915068,279.5897071192471,-137.0735566481295,192832.55,57.291666666666664,4.0,9.014809614544701,39.99358852270133,44.47476133406082,28.965065799792832,38.27088312035362,58.9568876828808,0.0,0.0,50,33.996106907178174,100.0,37.0
Jodhpur,Gram,Rabi,14359.671387209375,38.73318821573512,5561.958545568869,2462.6562582730517,263.9373315917097,242.704284744581,46863.89,,,,45.97104878796055,36.52240136967299,85.31005174614286,56.03746152026093,64.74808156879789,93.81821196798955,,50,59.983553923956045,83.33333333333334,4.0
Udaipur,Tomato,Rabi,15446.002371606335,36.74600457104843,5675.788737514713,2505.4748374565497,311.62363600301023,251.41215324676295,,56.666666666666664,4.0,,41.02242105108409,47.81335822473061,86.6019773797681,63.328805886745606,47.10471273555898,,3.759398496240607,50,44.54472141185653,83.33333333333334,38.0
Udaipur,Onion,Rabi,13159.79200937718,34.86664445565731,4588.377891013543,2592.2753999676356,294.8902568674068,-55.624289547286295,192832.55,57.291666666666664,4.0,,36.342303227313344,70.7020533892145,41.0491247151522,58.84088191958958,53.2958651756695,0.0,0.0,50,36.34813196709668,100.0,51.0
Bhilwara,Mango,Rabi,13835.469544376314,33.060567312414484,4574.084721707137,2470.8879837233767,349.00917395365167,-75.6934263913202,,,,,31.844679935229937,38.693049221017844,38.07160704512268,38.44447235065978,33.27250570598872,,,50,37.52125374645033,66.66666666666666,47.0
Jodhpur,Wheat,Kharif,15481.721943149594,41.21179730589346,6380.295866672841,2618.2501495852725,309.97669689325267,25.493473045584977,74052.11,40.666666666666664,3.0,,52.14345953883789,77.5514113746072,53.084000621902305,67.76444707352525,47.71406073427814,76.34356921253551,100.0,50,62.69739879143657,100.0,4.0
Kota,Maize,Rabi,16310.81450923905,43.41719775908238,7081.69859159342,2523.370542458299,279.19989724667636,104.15186373847227,63029.7,46.25,2.0,,57.635506478108724,52.532329216263705,64.75399669618699,57.42099620823302,59.101112726979075,83.42798581112653,66.41604010025061,50,61.41404465191469,100.0,5.0
Udaipur,Garlic,Kharif,17848.662406323972,41.69127262260421,7441.334503308796,2462.7378247895363,244.39478718466185,229.34751403980107,,,,,53.337483482103856,36.54390988387423,83.3284009608059,55.257706314646896,71.97859194636004,,,50,56.9102679005458,66.66666666666666,12.0
Ajmer,Pomegranate,Rabi,7338.236595294135,32.430835448907715,2379.851435071369,2485.493684389021,361.31989302273314,-44.82758420247788,,,,,30.27647632461908,42.54446931010925,42.6509564826119,42.587064179110314,28.717685201032168,,,50,37.19224626284221,66.66666666666666,36.0
Alwar,Pomegranate,Rabi,10899.363904753736,42.45844725084165,4627.700674177139,2412.0135755408783,271.33129491782745,-35.076677235859215,,,,,55.24795695770568,23.168283679245047,44.097630448590266,31.540022386983132,62.01240255754655,,,50,49.229138800606705,66.66666666666666,23.0
Ajmer,Tomato,Kharif,11489.660921821922,28.464257240862263,3270.4466408902185,2398.7974368600517,317.5271365598122,120.12018078079888,,56.666666666666664,4.0,,20.39861778179763,19.683281269515852,67.1231043724992,38.659210510709194,44.92048732709545,,3.759398496240607,50,32.28883470150544,83.33333333333334,58.0
Ajmer,Bajra,Kharif,16624.388184614363,47.13385473984432,7835.714978323976,2458.255680619733,277.14934713415784,-14.4108413744142,37245.85,,,,66.89099319300362,35.362000128706555,47.16367618446727,40.08267055101084,59.85979202479504,100.0,,50,62.46472356908037,83.33333333333334,3.0
Jodhpur,Cumin,Rabi,13270.468797819842,33.331092143397974,4423.192182862209,2389.70837350395,271.1975223745837,167.27826919763203,,,,,32.518360340006915,17.286559468756536,74.11962059724542,40.019783920152086,62.0618968169434,,,50,43.92377518876488,66.66666666666666,36.0
Hanumangarh,Oilseeds,Kharif,13361.26665524255,34.44843828863986,4602.747698311846,2413.692546468509,238.5835111031641,-140.0562415335624,,,,,35.30085613037852,23.611016452407267,28.522545674511683,25.575628141249034,74.12869538933825,,,50,43.41285862566023,66.66666666666666,39.0
Bhilwara,Gram,Kharif,10563.265293677614,42.53338490524584,4492.9142859221465,2540.6647921373474,303.3902739725327,190.92082041466003,46863.89,,,,55.43457209824017,57.09270068795382,77.62730080095115,65.30654073315276,50.150959343146276,93.81821196798955,,50,62.239252075401076,83.33333333333334,7.0
Bhilwara,Chilli,Kharif,14954.070452481012,42.23704979836119,6316.158183896423,2603.492182982168,277.12562521838623,-6.155608085795384,,,,,54.69661708675413,73.6598398334325,48.38844749267556,63.551282897129724,59.868568853164454,,,50,57.15292823878553,66.66666666666666,16.0
Nagaur,Pomegranate,Rabi,15358.74110524246,30.419056937572023,4671.984201697983,2419.824527370672,222.03060661359515,243.75711861056936,,,,,25.266600680630724,25.227976499251646,85.46625335381279,49.3232872410761,80.253074344182,,,50,47.6256916933336,66.66666666666666,34.0
Bhilwara,Coriander,Rabi,18589.714504993477,44.62462847894668,8295.591033150198,2703.3817006090985,235.11686265536576,198.72561027512006,,,,,60.642337359921505,100.0,78.7852429636354,91.51409718545416,75.41131432856531,,,50,69.70013456847467,66.66666666666666,2.0
Sri Ganganagar,Coriander,Rabi,14918.086381470204,37.90143513465026,5654.168833204024,2497.9801038800183,328.20750048727047,-73.80890325397858,,,,,43.899757401130536,45.83704992430525,38.35120058143773,42.84271018715824,40.96887894872192,,,50,44.25175097336342,66.66666666666666,34.0
Udaipur,Gram,Rabi,13670.153246425469,29.74699064068784,4066.459206781869,2603.7957709132465,322.89173511630725,155.1937871808549,46863.89,,,,23.592972817059373,73.73989382627603,72.32673039884088,73.17462845530197,42.935649287264596,93.81821196798955,,50,53.94027564845929,83.33333333333334,17.0
Kota,Guava,Rabi,14481.16182022973,44.23585108995683,6405.865178892505,2423.5260350629596,300.002621965687,-102.97389491259337,,,,,59.67417592412782,26.204037929809104,34.02419445832165,29.332100541214125,51.404350533202035,,,50,47.99415555900678,66.66666666666666,27.0
Alwar,Coriander,Rabi,10884.29657120593,33.0175355139796,3593.7264858447825,2460.2661253266865,357.49294060823,2.163949460238926,,,,,31.73751905361141,35.8921401959052,49.62276214171382,41.38438897422864,30.133612348037758,,,50,37.64173254727233,66.66666666666666,48.0
Alwar,Oilseeds,Kharif,19413.510982480824,40.03166800720681,7771.552265049357,2423.446061721447,252.31632608328425,126.79551962368693,,,,,49.20461662102487,26.182949524593656,68.11347777582981,42.955160825088115,69.04771621084961,,,50,51.665791669201695,66.66666666666666,18.0
Kota,Garlic,Rabi,12992.78178402025,41.11376496875389,5341.821765585153,2401.2217066690127,353.46058510715034,61.81235784926508,,,,,51.89933235714693,20.322544092803255,58.47237990792385,35.582478418851494,31.62553620857976,,,50,43.113545605791984,66.66666666666666,38.0
Kota,Oilseeds,Kharif,13183.153380789408,54.45833758647163,7179.326172652643,2517.5378843437566,305.0890342343076,-116.9471638664763,,,,,85.13094754750446,50.994298474062404,31.95107813340956,43.377010337801266,49.522438130866284,,,50,59.8486728987551,66.66666666666666,7.0
Nagaur,Barley,Kharif,17033.777614017807,46.41523387584808,7906.267717438221,2570.1274617512154,181.80305849070606,53.49096807035679,69371.63,,,,65.10143179570731,64.86179853726325,57.23779342329045,61.812196491674136,95.13679153617322,79.3518469123646,,50,69.23454779393592,83.33333333333334,4.0
Bhilwara,Pulses,Rabi,20000.0,42.631640057027575,8526.328011405514,2659.08827357726,281.0703717009987,-25.243724503492558,,,,,55.67925414898981,88.32013618583895,45.5564769718223,71.21467250023228,58.409059293646976,,,50,59.23214257512128,66.66666666666666,13.0
Hanumangarh,Chilli,Kharif,17226.28611602792,36.28271734735297,6250.164700924719,2572.77472190949,272.596436405743,29.529625191262312,,,,,39.868709862161076,65.55986234043378,53.6828163271355,60.80904393511447,61.5443151648855,,,50,51.81417803639465,66.66666666666666,15.0
Bhilwara,Citrus,Kharif,18905.223868196397,43.0290401896312,8134.736376185976,2521.2294029530503,280.30322522981425,-68.6014904709033,,,,,56.66888856154093,51.967725853998495,39.12378804731839,46.830150731326455,58.692894417951926,,,50,53.11624859912442,66.66666666666666,20.0
Jodhpur,Cumin,Rabi,15096.0124471973,41.51440035196151,6267.019044511429,2389.70837350395,271.1975223745837,167.27826919763203,,,,,52.897023423604935,17.286559468756536,74.11962059724542,40.019783920152086,62.0618968169434,,,50,50.71666288329754,66.66666666666666,20.0
Ajmer,Sugarcane,Rabi,16379.916428817349,29.711354414620097,4866.695022984506,2496.761937413637,371.7014042161029,38.96302850322494,,,,,23.504228922035896,45.51582803239601,55.082384493328654,49.34245061676907,24.876648800911894,,,50,35.968059565332766,66.66666666666666,40.0
Hanumangarh,Sugarcane,Rabi,20000.0,45.12633981682023,9025.267963364044,2572.8001730510396,215.28116223946355,112.79936715658984,,,,,61.89173504349487,65.56657362667048,66.03696638388136,65.75473072955484,82.75028896339693,,,50,64.71523100172563,66.66666666666666,4.0
Nagaur,Onion,Rabi,13904.035346063674,40.04397462993396,5567.728386514787,2527.523798232102,282.7244871643125,-140.60551481108678,192832.55,57.291666666666664,4.0,,49.235263458692685,53.627513424713555,28.441053834468242,43.55292958861543,57.797056128958594,0.0,0.0,50,37.188960201740045,100.0,49.0
Sri Ganganagar,Garlic,Kharif,10958.62113141091,34.805406990083014,3814.1926852888073,2490.895773497503,259.11308309226035,152.22212235448478,,,,,36.18980528305578,43.96896204700402,71.8858452427584,55.135715325305775,66.53299647612323,,,50,50.07272514299145,66.66666666666666,18.0
Jaipur,Tomato,Rabi,18601.241723833275,46.47671246672123,8645.245631225771,2616.1152573329823,312.2919818627158,297.1370459096004,,56.666666666666664,4.0,9.014809614544701,65.25453020753875,76.98845536881579,93.38586035998084,83.5474173652818,46.8574326693738,,3.759398496240607,50,56.38549502937785,83.33333333333334,16.0
Jodhpur,Fennel,Rabi,11859.26705195418,34.1837710575779,4053.944698146785,2474.2233424916312,285.57610170330025,162.74239573087576,,,,,34.64176274251903,39.57255976682815,73.44666472967407,53.122201751966514,56.74199246439698,,,50,47.0615732075768,66.66666666666666,30.0
Jaipur,Tomato,Kharif,18557.11246398899,36.138334125990575,6706.231306372184,2616.1152573329823,312.2919818627158,297.1370459096004,,56.666666666666664,4.0,9.014809614544701,39.50915637253571,76.98845536881579,93.38586035998084,83.5474173652818,46.8574326693738,,3.759398496240607,50,48.81332625437697,83.33333333333334,19.0
Jodhpur,Tomato,Rabi,17988.14305741745,41.031317967673694,7380.772174368973,2433.7833337732764,237.13365709591483,191.7071691895963,,56.666666666666664,4.0,,51.694016901044705,28.908815140918865,77.7439658768024,48.442875435272285,74.66512423028207,,3.759398496240607,50,49.0444562311553,83.33333333333334,25.0
Ajmer,Bajra,Kharif,10734.56799977447,53.51135499585205,5744.212789630452,2458.255680619733,277.14934713415784,-14.4108413744142,37245.85,,,,82.7727033425417,35.362000128706555,47.16367618446727,40.08267055101084,59.85979202479504,100.0,,50,66.87630972172983,83.33333333333334,1.0
Nagaur,Fennel,Kharif,14031.960483473593,28.41837372651552,3987.6549713505,2479.779539577975,265.03635760448805,72.69541893171021,,,,,20.28435535196696,41.03768968884762,60.08702367306535,48.657423282534715,64.34145493794124,,,50,42.60505564691983,66.66666666666666,48.0
Kota,Bajra,Rabi,18984.58242554717,47.646612790756166,9045.510478242408,2522.1941674671225,245.24804492519522,93.40521353268004,37245.85,,,,68.16790019645734,52.22212744114591,63.159591260116365,56.597112968734095,71.66289667049634,100.0,,50,68.4564801593729,83.33333333333334,1.0
Nagaur,Guava,Kharif,16367.663316244823,48.56444373314866,7948.86464164893,2500.4551225324476,277.585217086817,134.05041510232655,,,,,70.45354886885423,46.48969485911924,69.18983594956404,55.569751295297166,59.69852529563602,,,50,60.24282169415787,66.66666666666666,13.0
Kota,Mango,Kharif,13069.445308859573,35.22406889101337,4603.59041926601,2420.5607348352382,229.76267835915658,-55.271002414770166,,,,,37.23238728138137,25.42210920699903,41.10153945963453,31.69388130805323,77.39229921521903,,,50,46.3409572856518,66.66666666666666,24.0
Sri Ganganagar,Chilli,Rabi,15171.039374691254,29.152248691273563,4422.699127561028,2517.1989278254327,302.037566426736,68.93737802738141,,,,,22.111903608873774,50.904918034610326,59.52946939037287,54.35473857691534,50.651445141922935,,,50,41.99552051851993,66.66666666666666,36.0
Alwar,Barley,Kharif,19585.405279237595,49.0465735736361,9605.970209976076,2413.9898348072156,271.3699708123437,86.2933972867854,69371.63,,,,71.6541832982847,23.68940928724333,62.10446075287438,39.055429873495754,61.998092933843694,79.3518469123646,,50,60.47458086244619,83.33333333333334,6.0
Kota,Opium,Rabi,16614.888237148898,34.59265107657283,5747.530314639461,2483.3944626250486,268.8450137752359,-59.81677148988294,,,,,35.659985194411185,41.99091936010661,40.42711544976258,41.365397795969,62.932297184807176,,,50,45.503893914023564,66.66666666666666,33.0
Udaipur,Maize,Kharif,13905.141811371344,34.11154774316384,4743.259087740574,2492.3303941659274,322.9184962728597,77.5853786907775,63029.7,46.25,2.0,,34.461907046788944,44.34726138293335,60.81251285087643,50.93336197011058,42.92574797573945,83.42798581112653,66.41604010025061,50,51.89681323377431,100.0,26.0
Nagaur,Fennel,Kharif,11865.5724179369,32.69316935345067,3879.2316853524417,2479.779539577975,265.03635760448805,72.69541893171021,,,,,30.929759094842897,41.03768968884762,60.08702367306535,48.657423282534715,64.34145493794124,,,50,46.153523561211806,66.66666666666666,40.0
Alwar,Tomato,Rabi,20000.0,36.33511454624932,7267.022909249864,2498.563704124966,282.8798758148279,-75.51769971045312,,56.666666666666664,4.0,,39.99919313807088,45.99094118627514,38.097678385481935,42.833636065957855,57.73956416544017,,3.759398496240607,50,41.298117614293375,83.33333333333334,42.0
Jodhpur,Pomegranate,Kharif,14336.239129242684,41.194799142680544,5905.784913905897,2537.0215916692996,270.7436360115873,-169.7636134372678,,,,,52.10112948938508,56.132014460539104,24.115070382433196,43.32523682929674,62.229829404917766,,,50,51.36640553192437,66.66666666666666,24.0
Udaipur,Tomato,Kharif,15922.220093427302,35.88903014810267,5714.330369577386,2505.4748374565497,311.62363600301023,251.41215324676295,,56.666666666666664,4.0,,38.88832166347981,47.81335822473061,86.6019773797681,63.328805886745606,47.10471273555898,,3.759398496240607,50,43.91704512138468,83.33333333333334,39.0
Jaipur,Mustard,Kharif,17581.420465079238,38.48791704400431,6766.722523757293,2367.260852629111,304.6430084906978,-143.19091570599858,,,,9.014809614544701,45.36025686305286,11.367306786068463,28.057475960216095,18.043374455727516,49.687462382604316,,,50,39.86914461906582,66.66666666666666,35.0
Udaipur,Mustard,Kharif,14498.634858640766,31.306084182229565,4538.954834120158,2389.0634142342865,358.55290737834696,174.53150876857504,,,,,27.475539767873215,17.116488265416674,75.19573309551963,40.348186197457856,29.741437175165302,,,50,35.86631701031289,66.66666666666666,47.0
Alwar,Bajra,Kharif,14253.926621449358,36.810863645568254,5246.9934927610775,2394.221269647179,242.1820867950497,118.98296516864873,37245.85,,,,41.18393778659825,18.47657830208087,66.95438363447617,37.867700435039,72.79726492958511,100.0,,50,56.987904747883476,83.33333333333334,10.0
Sri Ganganagar,Mango,Rabi,16472.924854914752,42.03086039070394,6923.712048034789,2600.0678677549295,281.3737146772511,108.35022110961363,,,,,54.18314938359997,72.75687209778738,65.3768776578756,69.80487432182267,58.29682597888155,,,50,58.33504814279568,66.66666666666666,13.0
Bhilwara,Mango,Rabi,16988.643806002237,29.21703984067116,4963.578829189387,2470.8879837233767,349.00917395365167,-75.6934263913202,,,,,22.27325119235975,38.693049221017844,38.07160704512268,38.44447235065978,33.27250570598872,,,50,34.33077749882693,66.66666666666666,51.0
Bhilwara,Wheat,Rabi,15543.06467611112,41.98044639822061,6525.04793499559,2517.4305519048835,281.46485919555346,-33.28082078288222,74052.11,40.666666666666664,3.0,,54.057604831038475,50.96599566814092,44.36406912819721,48.32522505216343,58.263103584718515,76.34356921253551,100.0,50,60.8704471377804,100.0,12.0
Kota,Tomato,Kharif,16199.063855257926,23.38740537169768,3788.54073024933,2450.2861540325325,306.36672292678855,98.22432985744558,,56.666666666666664,4.0,,7.755875857599626,33.260492265363084,63.874569892352994,45.50612331615905,49.04970842086263,,3.759398496240607,50,30.91010557692373,83.33333333333334,44.0
Alwar,Bajra,Rabi,13414.14995475073,49.812753418086416,6681.957440092332,2394.221269647179,242.1820867950497,118.98296516864873,37245.85,,,,73.56217949170161,18.47657830208087,66.95438363447617,37.867700435039,72.79726492958511,100.0,,50,65.98186077707885,83.33333333333334,3.0
Sri Ganganagar,Oilseeds,Kharif,18714.849214300903,27.391642276589863,5126.304549384493,2452.816333633851,270.0852726939921,117.36664358031467,,,,,17.727514797743,33.92768275273558,66.71458128885882,47.04244216718487,62.47341604854649,,,50,40.948506053539596,66.66666666666666,38.0
Udaipur,Cotton,Rabi,15926.499037796892,40.13402659865174,6391.945360063417,2499.17219893514,267.3479686992934,83.66972057610141,91569.22,46.875,2.0,,49.45951735256336,46.15139696923693,61.71520416315569,52.376919846804434,63.48618616322375,65.08482408843429,62.65664160401001,50,55.89157900565144,100.0,13.0
Kota,Barley,Kharif,15722.259538465703,51.21337483020996,8051.89970921288,2477.792885128488,276.3843557591727,-109.11607241860723,69371.63,,,,77.05010774001933,40.51382294448559,33.112922478926535,37.55346275826197,60.14282978898611,79.3518469123646,,50,61.33046776873314,83.33333333333334,5.0
Ajmer,Citrus,Rabi,16696.528936894632,35.09293084094286,5859.301352662446,2584.4572310757026,254.93179490866285,-104.42694508089691,,,,,36.90581787061053,68.64045748090398,33.8086155530012,54.707720709742865,68.08002366835397,,,50,50.5066695464724,66.66666666666666,14.0
Jaipur,Bajra,Kharif,17260.024863313596,27.97563149460821,4828.600951638366,2488.7235406278105,260.04182090120656,-70.18672056407927,37245.85,,,9.014809614544701,19.181806780293027,43.39615958418229,38.88859852969361,41.593135162386815,66.18937446735359,100.0,,50,50.60276099739295,83.33333333333334,13.0
Nagaur,Maize,Kharif,18869.25826224824,26.93075656823699,5081.634008838018,2510.0202578537096,311.64986800000037,-70.723960353319,63029.7,46.25,2.0,,16.579784035171947,49.0119534740613,38.808892014264686,44.93072889014265,47.095007206815595,83.42798581112653,66.41604010025061,50,46.851144749537895,100.0,38.0
Udaipur,Gram,Kharif,14584.63204804868,37.16577711081949,5420.49183941092,2603.7957709132465,322.89173511630725,155.1937871808549,46863.89,,,,42.06776884218754,73.73989382627603,72.32673039884088,73.17462845530197,42.935649287264596,93.81821196798955,,50,59.07216343321711,83.33333333333334,10.0
Bhilwara,Mustard,Rabi,14372.930228141924,31.63592498842186,4547.00942561319,2485.7560886235715,246.2831469107493,-116.45285887458363,,,,,28.29693308330292,42.61366345310493,32.024414712814156,38.37796395698862,71.27992117393383,,,50,43.92241898441804,66.66666666666666,39.0
Jodhpur,Gram,Kharif,13258.429650585833,36.20133543362754,4799.728591040109,2462.6562582730517,263.9373315917097,242.704284744581,46863.89,,,,39.66604676324791,36.52240136967299,85.31005174614286,56.03746152026093,64.74808156879789,93.81821196798955,,50,58.232164472646986,83.33333333333334,10.0
Sri Ganganagar,Pulses,Kharif,20000.0,46.08634799667309,9217.26959933462,2514.4938109901764,311.4416943560057,14.152416899756115,,,,,64.28241650826568,50.19159783442626,51.40140732785932,50.675521631799484,47.172028993840186,,,50,54.37535040333646,66.66666666666666,13.0
Kota,Fennel,Rabi,11412.350813894447,27.897836816719245,3183.7990070118035,2522.877054600091,348.11305172561777,-17.9805857599266,,,,,18.988076874246325,52.40219995411226,46.634058141202416,50.094943228948324,33.60406033543741,,,50,36.40882255288914,66.66666666666666,47.0
Nagaur,Wheat,Rabi,18589.894459936957,33.8071155012168,6284.707091625189,2556.8332538105415,257.89704597663444,-13.331204343264167,74052.11,40.666666666666664,3.0,,33.7037879667901,61.35620981520303,47.32385439055804,55.743267645345036,66.98291583160199,76.34356921253551,100.0,50,58.57357327738716,100.0,9.0
Ajmer,Fennel,Rabi,14597.948499981248,48.06785256327478,7016.920362233769,2436.16073414115,328.5196270392623,93.04381484032236,,,,,69.21690179615086,29.53571882368292,63.105973060151754,42.96382051827045,40.85339581478181,,,50,52.69999856654544,66.66666666666666,11.0
Nagaur,Fenugreek,Kharif,12645.30506075328,49.51350639600975,6261.133930051021,2612.662662648438,273.9225402489848,-32.02449652768444,,,,,72.81697301942323,76.0780305400486,44.550461183730484,63.46700279752136,61.053672421516495,,,50,63.40759290345008,66.66666666666666,9.0
Jodhpur,Gram,Rabi,14637.155554176656,45.64916067597504,6681.738657318506,2462.6562582730517,263.9373315917097,242.704284744581,46863.89,,,,63.19370117629233,36.52240136967299,85.31005174614286,56.03746152026093,64.74808156879789,93.81821196798955,,50,64.76762403182597,83.33333333333334,2.0
Nagaur,Pomegranate,Kharif,12337.5234665937,46.93411915375471,5790.507964433536,2419.824527370672,222.03060661359515,243.75711861056936,,,,,66.39359726082236,25.227976499251646,85.46625335381279,49.3232872410761,80.253074344182,,,50,61.33469055339748,66.66666666666666,12.0
Udaipur,Pulses,Rabi,17167.144073483316,30.733951731976173,5276.141773303171,2473.6452711224865,329.12141518269215,245.54861932068482,,,,,26.050774361786438,39.42012643035088,85.73204580227201,57.94489417911933,40.6307413167015,,,50,42.261711498367596,66.66666666666666,42.0
Jodhpur,Maize,Kharif,20000.0,42.69688969719516,8539.377939439031,2520.3558881303966,305.29888583810265,-153.18910357623318,63029.7,46.25,2.0,,55.84174349919048,51.73738616587923,26.574114653586296,41.67207756096205,49.444795518554194,83.42798581112653,66.41604010025061,50,56.367372596467206,100.0,12.0
Jaipur,Fenugreek,Kharif,15674.054177255655,32.94661201648515,5164.069817034105,2534.2380211195027,248.1915778163013,35.142963296269144,,,,9.014809614544701,31.560900255527113,55.39800657003726,54.51562809803519,55.045055181236435,70.57382430240887,,,50,49.31374632732053,66.66666666666666,15.0
Nagaur,Chilli,Rabi,10744.902801200904,36.00204481202037,3868.3847214963816,2529.6622960006016,285.5387662456558,0.00031933499111031616,,,,,39.16975891364653,54.19142017965962,49.301759450895624,52.235555888154025,56.75580614230537,,,50,48.33722910318432,66.66666666666666,32.0
Sri Ganganagar,Fennel,Rabi,10423.031056289716,50.22553884764335,5235.023512278722,2587.576710018225,343.6374431048228,-78.59303445894973,,,,,74.59012747806196,69.46304204167001,37.64141244708775,56.73439020383711,35.25998260965744,,,50,57.04454306897537,66.66666666666666,15.0
Ajmer,Onion,Kharif,13344.42556232266,34.935141672107555,4661.893975526356,2492.403324478683,253.94268153308914,-182.9950896678531,192832.55,57.291666666666664,4.0,,36.51287992571304,44.3664925912184,22.152008663171703,35.48069901999972,68.44598392295072,0.0,0.0,50,33.99125737387081,100.0,52.0
Bhilwara,Fennel,Rabi,13307.257204027834,38.91228068692014,5178.157274961712,2497.525620636629,198.78146915174207,13.04575819291319,,,,,46.417037749645914,45.71720590354815,51.237220104466275,47.9252115839154,88.85498032867972,,,50,56.02339840466202,66.66666666666666,17.0
Jaipur,Guava,Kharif,19626.329857703626,33.97672903470693,6668.384915209743,2589.723922730277,207.9948848107761,-6.728942680931382,,,,9.014809614544701,34.12617179559381,70.02924686566736,48.303385842983126,61.33890245659367,85.44612546577794,,,50,54.8216563467785,66.66666666666666,7.0
Nagaur,Citrus,Kharif,20000.0,43.33031712433127,8666.063424866254,2386.835587168326,274.4543611575065,-26.518223732402717,,,,,57.41915006833436,16.529026005763225,45.36738842237394,28.06437097240751,60.85690497312404,,,50,48.794929943378264,66.66666666666666,33.0
Kota,Onion,Rabi,18072.187577434383,26.923274718062554,4865.624709036234,2616.4830118474365,349.6511976695419,-85.18026394926444,192832.55,57.291666666666664,4.0,,16.561152193371434,77.08542963641491,36.664111213039796,60.91690226706487,33.03496452180643,0.0,0.0,50,28.778913180026798,100.0,51.0
Jodhpur,Wheat,Kharif,17335.083228499912,28.718323106835907,4978.345212399527,2618.2501495852725,309.97669689325267,25.493473045584977,74052.11,40.666666666666664,3.0,,21.031310887295156,77.5514113746072,53.084000621902305,67.76444707352525,47.71406073427814,76.34356921253551,100.0,50,54.91936162855089,100.0,19.0
Jaipur,Pomegranate,Kharif,12545.403349733078,40.70052854537795,5106.045471490913,2398.6335675262926,377.4853499041316,-208.32035645843317,,,,9.014809614544701,50.870261273518814,19.640070083796413,18.39467570195964,19.141912331061704,22.73665728038783,,,50,36.60859516886696,66.66666666666666,40.0
Hanumangarh,Citrus,Kharif,14489.446132425215,40.61699517541855,5885.17763655202,2571.402333724482,212.84995453571568,-33.963846166040575,,,,,50.66224046344365,65.19797327076363,44.26273342237002,56.82387733140618,83.64980706942299,,,50,58.770408856740794,66.66666666666666,8.0
Jodhpur,Fennel,Rabi,17089.162342370146,34.98762234768401,5979.091582731097,2474.2233424916312,285.57610170330025,162.74239573087576,,,,,36.643571081259765,39.57255976682815,73.44666472967407,53.122201751966514,56.74199246439698,,,50,47.72884265382372,66.66666666666666,29.0
Sri Ganganagar,Mustard,Rabi,15265.220658875542,56.65060314589877,8647.839574805337,2594.168458070026,229.53995706835244,40.38445008869863,,,,,90.59028502896338,71.20123943802311,55.2932708867097,64.83805201749774,77.47470345956515,,,50,72.98184957290022,66.66666666666666,1.0
Kota,Garlic,Kharif,11574.932657599486,34.09496679703844,3946.469446388104,2401.2217066690127,353.46058510715034,61.81235784926508,,,,,34.42061598135611,20.322544092803255,58.47237990792385,35.582478418851494,31.62553620857976,,,50,37.28730681386172,66.66666666666666,39.0
Jodhpur,Sugarcane,Kharif,12849.533038191585,35.17638279206786,4520.000928507499,2557.498300301033,375.0877895733256,121.46924624433156,,,,,37.11363592564425,61.53157787677665,67.32325579340544,63.84824904342817,23.623726256240957,,,50,44.122156971377116,66.66666666666666,40.0
Ajmer,Barley,Rabi,14751.957942471903,26.82471070534174,3957.170041441772,2479.090532131035,224.21801866417482,41.58834654923598,69371.63,,,,16.31570099488144,40.856003292321695,55.47188459650668,46.702355813995695,79.4437577474129,79.3518469123646,,50,49.709707900540145,83.33333333333334,18.0
Alwar,Gram,Kharif,19540.349229726395,42.85005900274506,8373.051174280201,2526.732325476933,278.24338766668,-52.21825896305323,46863.89,,,,56.22317672802618,53.41880765023497,41.55445368510388,48.673066064182535,59.455009962689445,93.81821196798955,,50,60.31265631604989,83.33333333333334,7.0
Jaipur,Sugarcane,Rabi,11927.439527012386,33.174952566553955,3956.9224054907663,2517.906082920902,248.36920773888392,-63.48268798653927,,,,9.014809614544701,32.129530327813306,51.09138983785629,39.88322902203654,46.608125511528385,70.50810333118591,,,50,47.24029757858252,66.66666666666666,28.0
Kota,Opium,Rabi,18663.101086576055,30.78947652760853,5746.271128375189,2483.3944626250486,268.8450137752359,-59.81677148988294,,,,,26.189046204192834,41.99091936010661,40.42711544976258,41.365397795969,62.932297184807176,,,50,42.34691425061746,66.66666666666666,39.0
Udaipur,Chilli,Kharif,14320.547703450504,26.37499873967224,3777.044276299232,2565.603941010463,295.2578382433757,152.0568742817712,,,,,15.195795890555658,63.66897807262543,71.86132854030795,66.94591825969843,53.159864412504625,,,50,43.54948304860572,66.66666666666666,40.0
Kota,Cotton,Rabi,13883.37967178684,49.107362971422525,6817.761648125053,2495.961547812856,307.8006086489773,183.68369200673132,91569.22,46.875,2.0,,71.80556543188784,45.30477094871921,76.55357860341249,57.80429401059652,48.5191876565969,65.08482408843429,62.65664160401001,50,60.31851608224695,100.0,7.0
Jaipur,Mango,Kharif,20000.0,36.70695442892013,7341.390885784025,2498.121468383112,311.96797022604727,-87.72486536225126,,,,9.014809614544701,40.925175576574574,45.87432674515512,36.28658647297592,42.03923063628344,46.97731314412598,,,50,44.24764932402563,66.66666666666666,28.0
Jodhpur,Cotton,Rabi,13533.451734641178,33.21590697099659,4495.258738143138,2494.8963609333077,247.2235805086397,-116.29286601109928,91569.22,46.875,2.0,,32.23151793339469,45.02388869319144,32.04815173657385,39.83359391054441,70.93197186153506,65.08482408843429,62.65664160401001,50,50.19278181835396,100.0,23.0
Hanumangarh,Guava,Rabi,15422.658740733612,30.86032672608367,4759.482877239294,2463.9103324477296,309.33123526934645,-1.4046529210581769,,,,,26.36548246778364,36.85309187060366,49.09331352963859,41.749180534217636,47.952873903779704,,,50,39.51218374580852,66.66666666666666,47.0
Nagaur,Oilseeds,Kharif,15969.503142554344,28.50569466162868,4552.217804795738,2502.09784252409,279.43694901411936,-152.4722676213369,,,,,20.501808229392946,46.92286851654232,26.68046659780809,38.825907749048625,59.01340637570693,,,50,38.990192751352005,66.66666666666666,57.0
Jodhpur,Cumin,Rabi,13601.890494395271,25.812759825214805,3511.0233250069746,2389.70837350395,271.1975223745837,167.27826919763203,,,,,13.795668079381946,17.286559468756536,74.11962059724542,40.019783920152086,62.0618968169434,,,50,37.68287776855655,66.66666666666666,42.0
Hanumangarh,Wheat,Rabi,16540.80031970915,43.991912238476274,7276.614360188052,2391.2379693776215,367.04899655023235,310.2874179878692,74052.11,40.666666666666664,3.0,,59.06670183899927,17.68990309539315,95.33688922259725,48.74869754627479,26.59798463150082,76.34356921253551,100.0,50,57.45764804561023,100.0,11.0
Jaipur,Maize,Rabi,11490.249492869136,26.225880195718176,3013.419066188975,2454.2802540871708,247.47241633051053,-11.506915552902583,63029.7,46.25,2.0,9.014809614544701,14.824450159794042,34.313708234964515,47.59451137749035,39.62602949197485,70.83990554944843,83.42798581112653,66.41604010025061,50,48.91310615245479,100.0,25.0
Alwar,Pulses,Rabi,14917.45528484809,56.83525575434636,8478.37386318367,2421.2287700549305,199.14821140858956,118.42926079120296,,,,,91.05012024464342,25.59826537535014,66.87223438308435,42.10785297844382,88.71929002966881,,,50,69.32265888173326,66.66666666666666,1.0
Jaipur,Garlic,Kharif,19983.77764364361,29.213579430242948,5837.976755088959,2470.5552075866267,261.84331677112203,-157.54974056843614,,,,9.014809614544701,22.26463382925302,38.605298504527816,25.927157397887058,33.53404206187152,65.52284229471277,,,50,39.468524285192636,66.66666666666666,36.0
Ajmer,Citrus,Kharif,13193.36381891466,33.27128145910918,4389.601210115372,2584.4572310757026,254.93179490866285,-104.42694508089691,,,,,32.36941546919718,68.64045748090398,33.8086155530012,54.707720709742865,68.08002366835397,,,50,48.99453541266794,66.66666666666666,25.0
Jodhpur,Cumin,Kharif,12004.843682435128,28.829588574935872,3460.9470427102283,2389.70837350395,271.1975223745837,167.27826919763203,,,,,21.30839216414053,17.286559468756536,74.11962059724542,40.019783920152086,62.0618968169434,,,50,40.18711913014275,66.66666666666666,43.0
Jaipur,Oilseeds,Rabi,17298.240835154073,50.642956144447815,8760.34051990804,2429.589871796776,333.5078134620281,219.49112779389557,,,,9.014809614544701,75.62961007361454,27.8030288408392,81.86607777083053,49.42824841283573,39.0078258140804,,,50,56.19230143077712,66.66666666666666,17.0
Jaipur,Pomegranate,Rabi,14699.537770560142,45.96904634329827,6757.237329999425,2398.6335675262926,377.4853499041316,-208.32035645843317,,,,9.014809614544701,63.99030348840251,19.640070083796413,18.39467570195964,19.141912331061704,22.73665728038783,,,50,40.98194257382819,66.66666666666666,32.0
Sri Ganganagar,Sugarcane,Kharif,12366.052239730318,24.91386094729908,3080.8610596767744,2525.773679113796,220.09829426346843,1.0812530726509348,,,,,11.557165396555048,53.166019376269745,49.46213004027501,51.68446364187185,80.9680070678474,,,50,43.82851351692032,66.66666666666666,30.0
Bhilwara,Wheat,Kharif,14320.56332429542,31.119491753343414,4456.486522736434,2517.4305519048835,281.46485919555346,-33.28082078288222,74052.11,40.666666666666664,3.0,,27.01087387172111,50.96599566814092,44.36406912819721,48.32522505216343,58.263103584718515,76.34356921253551,100.0,50,54.10876439795106,100.0,19.0
Nagaur,Sugarcane,Rabi,17740.753878699747,33.65867950647899,5971.303490064788,2497.4869353255785,222.54249571330547,140.38657747721078,,,,,33.33414196921237,45.70700486030189,70.12988810915668,55.476158159843806,80.06368142939442,,,50,51.91775911824136,66.66666666666666,25.0
Nagaur,Onion,Rabi,19478.06570687857,42.137304172154224,8207.531793759483,2527.523798232102,282.7244871643125,-140.60551481108678,192832.55,57.291666666666664,4.0,,54.448223349315874,53.627513424713555,28.441053834468242,43.55292958861543,57.797056128958594,0.0,0.0,50,38.49220017439584,100.0,47.0
Hanumangarh,Maize,Rabi,14935.898116954691,23.279503799724587,3477.00296965946,2487.8483664724167,256.40323019502836,-81.69245905284988,63029.7,46.25,2.0,,7.487171597001296,43.165382341741214,37.18157246657533,40.77185839167486,67.53561000929432,83.42798581112653,66.41604010025061,50,46.8123079606735,100.0,30.0
Alwar,Wheat,Rabi,7727.279219181175,41.94561984196101,3241.2551654045888,2479.757253275183,391.04114161292586,-290.015071358001,74052.11,40.666666666666664,3.0,,53.97087723404614,41.0318129482345,6.274201410919088,27.128768333308336,17.721174619329673,76.34356921253551,100.0,50,50.52818454995298,100.0,21.0
Jaipur,Mango,Rabi,17210.5316912773,42.73614072579794,7355.11704324232,2498.121468383112,311.96797022604727,-87.72486536225126,,,,9.014809614544701,55.939489235657256,45.87432674515512,36.28658647297592,42.03923063628344,46.97731314412598,,,50,49.252420543719865,66.66666666666666,22.0
Alwar,Sugarcane,Rabi,15200.972151674616,31.6843769274936,4816.333313179919,2441.395499450784,295.1848422073701,-119.79896052809897,,,,,28.417591589242697,30.916089456817065,31.52797697976742,31.160844465997208,53.18687208278881,,,50,38.41946347057125,66.66666666666666,46.0
Ajmer,Citrus,Kharif,10312.362429340372,46.43570100410813,4788.617784148477,2584.4572310757026,254.93179490866285,-104.42694508089691,,,,,65.15240051159459,68.64045748090398,33.8086155530012,54.707720709742865,68.08002366835397,,,50,59.922197093467084,66.66666666666666,9.0
Kota,Opium,Kharif,17382.794038865482,23.898236579615237,4154.181243555327,2483.3944626250486,268.8450137752359,-59.81677148988294,,,,,9.027984497947,41.99091936010661,40.42711544976258,41.365397795969,62.932297184807176,,,50,36.6265603485355,66.66666666666666,41.0
Ajmer,Chilli,Kharif,15880.673796499888,36.752827817099046,5836.59669662277,2608.7949394649886,264.64068803063975,-128.41063236395053,,,,,41.039412789493305,75.05813925863812,30.250323373684896,57.13501290465683,64.4878480022325,,,50,51.81337730485276,66.66666666666666,21.0
Udaipur,Tomato,Rabi,16399.28994730058,39.37841316357662,6457.780151340908,2505.4748374565497,311.62363600301023,251.41215324676295,,56.666666666666664,4.0,,47.57783439227571,47.81335822473061,86.6019773797681,63.328805886745606,47.10471273555898,,3.759398496240607,50,46.47278415926583,83.33333333333334,34.0
Hanumangarh,Pulses,Kharif,10154.604552283472,30.000505519420116,3046.432699183089,2463.7618975280384,244.56341874289987,37.671945493833434,,,,,24.224293814471874,36.813950630843344,54.89083552419194,44.04470458818278,71.9162002635562,,,50,44.20325921438394,66.66666666666666,36.0
Nagaur,Barley,Kharif,12796.225269605851,38.193600093382486,4887.339106521615,2570.1274617512154,181.80305849070606,53.49096807035679,69371.63,,,,44.6273276095466,64.86179853726325,57.23779342329045,61.812196491674136,95.13679153617322,79.3518469123646,,50,63.547296631113504,83.33333333333334,8.0
Kota,Maize,Kharif,15601.707591692828,35.14582669743736,5483.3491120172885,2523.370542458299,279.19989724667636,104.15186373847227,63029.7,46.25,2.0,,37.03754293956145,52.532329216263705,64.75399669618699,57.42099620823302,59.101112726979075,83.42798581112653,66.41604010025061,50,56.264553767277874,100.0,9.0
Udaipur,Pomegranate,Kharif,11952.534543064809,33.15468698719074,3962.8254147889866,2567.4013696791335,336.86630147296796,108.18358171323715,,,,,32.07906352349514,64.14294731529992,65.3521545344503,64.62663020296007,37.765224957701584,,,50,45.479834220161386,66.66666666666666,34.0
Sri Ganganagar,Maize,Rabi,16286.44950099172,51.95658877802741,8461.883593771365,2523.743736224537,215.29733947567934,98.90388588126542,63029.7,46.25,2.0,,78.90091260470146,52.63073777613464,63.97539087356525,57.168599015106885,82.74430357726183,83.42798581112653,66.41604010025061,50,70.22639537248006,100.0,2.0
Kota,Cumin,Rabi,15529.324665831677,27.825094188284016,4321.049215072086,2520.4668265037953,339.84015462105606,80.26499209675144,,,,,18.806927945363793,51.766639831262374,61.21006837741157,55.54401124972205,36.66493445300956,,,50,38.41369920564906,66.66666666666666,44.0
Kota,Tomato,Kharif,12517.22933805384,33.133822019963766,4147.436490701449,2450.2861540325325,306.36672292678855,98.22432985744558,,56.666666666666664,4.0,,32.027104080378486,33.260492265363084,63.874569892352994,45.50612331615905,49.04970842086263,,3.759398496240607,50,38.04870211303516,83.33333333333334,35.0
Jodhpur,Garlic,Kharif,11783.58296404318,34.76740156691572,4096.845608079562,2479.202661347749,300.92990910451834,191.59580782646654,,,,,36.09516144289523,40.88557097467482,77.72744396910632,55.62232017244742,51.061265255223496,,,50,47.076592244662415,66.66666666666666,31.0
Ajmer,Tomato,Kharif,16309.679412473004,39.89058980605122,6506.02731311159,2398.7974368600517,317.5271365598122,120.12018078079888,,56.666666666666664,4.0,,48.85329353059289,19.683281269515852,67.1231043724992,38.659210510709194,44.92048732709545,,3.759398496240607,50,40.657856980562876,83.33333333333334,43.0
Jodhpur,Mustard,Rabi,7911.202693374485,40.62695737602707,3214.080946168357,2556.6525166723172,348.6342084700552,-54.166978037472646,,,,,50.68704905241501,61.30855070860234,41.265335845951164,53.291264763541875,33.4112385016729,,,50,47.788934654750754,66.66666666666666,28.0
Sri Ganganagar,Opium,Rabi,16857.462783015595,36.62526916171132,6174.091118114773,2485.465088150359,348.51554368155143,190.79147202556635,,,,,40.72175704498366,42.53692868398138,77.60811028383478,56.56540132392274,33.45514307043612,,,50,45.34905464879452,66.66666666666666,32.0
Udaipur,Pulses,Rabi,15062.381123026224,39.6646159099839,5974.435619346271,2473.6452711224865,329.12141518269215,245.54861932068482,,,,,48.290557070437956,39.42012643035088,85.73204580227201,57.94489417911933,40.6307413167015,,,50,49.67497240125144,66.66666666666666,28.0
Udaipur,Pomegranate,Rabi,14451.31067668548,47.69438411375079,6892.46362360985,2567.4013696791335,336.86630147296796,108.18358171323715,,,,,68.28686378325546,64.14294731529992,65.3521545344503,64.62663020296007,37.765224957701584,,,50,57.549100973414824,66.66666666666666,10.0
Sri Ganganagar,Oilseeds,Rabi,13062.107462626394,44.90216515963705,5865.16906619778,2452.816333633851,270.0852726939921,117.36664358031467,,,,,61.33347917750703,33.92768275273558,66.71458128885882,47.04244216718487,62.47341604854649,,,50,55.48382751346094,66.66666666666666,18.0
Bhilwara,Garlic,Rabi,13551.769433453905,24.759049612950022,3355.2893174614483,2574.8737705489516,323.56940331748535,-332.3045959409121,,,,,11.17164306942086,66.11336663872594,0.0,39.66801998323556,42.68492006495336,,,50,32.83900369832711,66.66666666666666,53.0
Jodhpur,Pulses,Rabi,15368.010947984389,29.409184614166527,4519.606711218052,2535.5523445354847,295.1493256969267,244.31185747382054,,,,,22.751743936680292,55.744584370291875,85.54855608463868,67.6661730560306,53.20001277173835,,,50,46.26823001484926,66.66666666666666,32.0
Ajmer,Pulses,Rabi,15969.237819348087,44.44130944706542,7096.938395634285,2522.4990034676835,334.52840056174574,-122.27702636882337,,,,,60.18582311258933,52.302510541095394,31.160323657873462,43.84563578780662,38.630220653666726,,,50,49.48015471167822,66.66666666666666,19.0
Udaipur,Fenugreek,Rabi,14124.566193253368,33.37440997847053,4713.990629016827,2474.450481514884,309.99347259353544,163.5031687296147,,,,,32.62623353064768,39.63245472272231,73.55953530623303,53.2032869561266,47.707853923513944,,,50,44.604525149885774,66.66666666666666,37.0
Sri Ganganagar,Mustard,Rabi,17649.329331441477,49.54040203478163,8743.548707238744,2594.168458070026,229.53995706835244,40.38445008869863,,,,,72.88395047487049,71.20123943802311,55.2932708867097,64.83805201749774,77.47470345956515,,,50,67.07973805486925,66.66666666666666,3.0
Ajmer,Fennel,Kharif,14458.560259228125,59.67567978385601,8628.244121652837,2436.16073414115,328.5196270392623,93.04381484032236,,,,,98.12354859863838,29.53571882368292,63.105973060151754,42.96382051827045,40.85339581478181,,,50,62.33554750070793,66.66666666666666,4.0
Jodhpur,Mango,Rabi,15896.25872509706,24.107683575612327,3832.2197538070654,2493.8565053632315,268.6946478330232,-149.53464909138785,,,,,9.549564482045588,44.74968612502805,27.116300542671024,37.69633189208524,62.98793080563745,,,50,35.83312949303208,66.66666666666666,46.0
Bhilwara,Barley,Rabi,13720.92721138337,53.62769519864533,7358.21702334866,2583.5418832679707,252.2981700814133,211.7593599575213,69371.63,,,,83.06242208896758,68.39908673013288,80.71896937587162,73.32703978842838,69.05443371688203,79.3518469123646,,50,72.43550619368284,83.33333333333334,1.0
Alwar,Pomegranate,Kharif,15339.811231613294,22.03535304728232,3380.181561672656,2412.0135755408783,271.33129491782745,-35.076677235859215,,,,,4.388897847187776,23.168283679245047,44.097630448590266,31.540022386983132,62.01240255754655,,,50,32.27611909710074,66.66666666666666,45.0
Alwar,Oilseeds,Kharif,17757.68680372561,28.33888919471859,5032.331186852965,2423.446061721447,252.31632608328425,126.79551962368693,,,,,20.08641725009367,26.182949524593656,68.11347777582981,42.955160825088115,69.04771621084961,,,50,41.95972521222465,66.66666666666666,31.0
Kota,Cotton,Kharif,20000.0,40.05469038784439,8010.938077568878,2495.961547812856,307.8006086489773,183.68369200673132,91569.22,46.875,2.0,,49.26194861029353,45.30477094871921,76.55357860341249,57.80429401059652,48.5191876565969,65.08482408843429,62.65664160401001,50,54.68261187684837,100.0,13.0
Kota,Barley,Rabi,13658.034313023749,46.45743647020235,6345.172614051446,2477.792885128488,276.3843557591727,-109.11607241860723,69371.63,,,,65.20652773364344,40.51382294448559,33.112922478926535,37.55346275826197,60.14282978898611,79.3518469123646,,50,58.04058443362873,83.33333333333334,10.0
Bhilwara,Citrus,Kharif,15203.56653158221,28.7864142729251,4376.561646041045,2521.2294029530503,280.30322522981425,-68.6014904709033,,,,,21.20087640986082,51.967725853998495,39.12378804731839,46.830150731326455,58.692894417951926,,,50,41.29357788189771,66.66666666666666,41.0
Sri Ganganagar,Pomegranate,Rabi,16454.198451883425,32.47792344012253,5343.981975888526,2432.2045493813166,264.172948654992,-108.26062942369596,,,,,30.39373822943723,28.492500849483292,33.23983858163918,30.391435942345645,64.66090604110259,,,50,41.16781020265844,66.66666666666666,37.0
Hanumangarh,Maize,Rabi,13069.350503047614,54.85760983051002,7169.533306343659,2487.8483664724167,256.40323019502836,-81.69245905284988,63029.7,46.25,2.0,,86.12524402669315,43.165382341741214,37.18157246657533,40.77185839167486,67.53561000929432,83.42798581112653,66.41604010025061,50,66.47182606809645,100.0,2.0
Udaipur,Onion,Kharif,13995.674003680377,32.24455972725192,4512.843463348188,2592.2753999676356,294.8902568674068,-55.624289547286295,192832.55,57.291666666666664,4.0,,29.812599115606574,70.7020533892145,41.0491247151522,58.84088191958958,53.2958651756695,0.0,0.0,50,34.71570593916998,100.0,48.0
Nagaur,Chilli,Kharif,12134.63226195194,36.17982439072004,4390.288642833872,2529.6622960006016,285.5387662456558,0.00031933499111031616,,,,,39.6124784159712,54.19142017965962,49.301759450895624,52.235555888154025,56.75580614230537,,,50,48.484802270625885,66.66666666666666,35.0
Kota,Wheat,Kharif,20000.0,35.66547313282517,7133.094626565035,2466.2505423807247,308.9406393347606,-151.83417880721348,74052.11,40.666666666666664,3.0,,38.33160389381943,37.470188698407995,26.775135378726063,33.192167370535216,48.097389781529884,76.34356921253551,100.0,50,52.38747829667171,100.0,16.0
Jaipur,Cotton,Rabi,15072.658370018276,51.60189256935651,7777.776979442951,2473.7971420445647,281.40576174145417,-148.18492090467234,91569.22,46.875,2.0,9.014809614544701,78.01762257708526,39.4601737196683,27.316550287187418,34.60272434667594,58.28496894402138,65.08482408843429,62.65664160401001,50,58.69608362887586,100.0,11.0
Bhilwara,Chilli,Kharif,14761.075826262855,46.16922812483588,6815.074771907301,2603.492182982168,277.12562521838623,-6.155608085795384,,,,,64.48881056860274,73.6598398334325,48.38844749267556,63.551282897129724,59.868568853164454,,,50,60.41699273273506,66.66666666666666,10.0
Ajmer,Oilseeds,Rabi,11812.81941555936,32.53259143136307,3843.0162769886574,2447.799582163897,314.04850300284903,-88.91766259816136,,,,,30.52987639587978,32.60480082904881,36.10961947761954,34.006728288477106,46.20754061501262,,,50,38.486594465223014,66.66666666666666,34.0
Ajmer,Cotton,Rabi,14438.567204986351,48.44843490928559,6995.2598341412695,2556.031013030241,329.814173061192,-287.32471711035356,91569.22,46.875,2.0,,70.1646553460909,61.144664588563856,6.673350481118918,39.35613894558588,40.37442909218766,65.08482408843429,62.65664160401001,50,54.9969437631342,100.0,8.0
Ajmer,Cumin,Kharif,18562.15815469425,42.64099792339963,7915.089473281333,2485.919890320584,385.7855014370738,7.815464419838121,,,,,55.70255778134939,42.65685680349205,50.46123794590095,45.77860926045561,19.665699346546162,,,50,44.708288265880526,66.66666666666666,36.0
Kota,Oilseeds,Rabi,16738.899519640727,41.11008020497667,6881.375017954757,2517.5378843437566,305.0890342343076,-116.9471638664763,,,,,51.89015629318297,50.994298474062404,31.95107813340956,43.377010337801266,49.522438130866284,,,50,48.7684091473146,66.66666666666666,25.0
Udaipur,Cumin,Rabi,15583.152904732007,41.08231672390158,6401.920231891872,2503.771507611252,264.7574991071007,29.354549146630738,,,,,51.82101767437046,47.36420217705404,53.65684151713044,49.881257913084596,64.44462928500852,,,50,53.46426719194775,66.66666666666666,20.0
Udaipur,Cumin,Rabi,16015.451530385071,37.92336084519525,6073.597474855275,2503.771507611252,264.7574991071007,29.354549146630738,,,,,43.95435838360328,47.36420217705404,53.65684151713044,49.881257913084596,64.44462928500852,,,50,50.84204742835868,66.66666666666666,26.0
Ajmer,Onion,Kharif,15505.382928808844,33.2611959416086,5157.275797447839,2492.403324478683,253.94268153308914,-182.9950896678531,192832.55,57.291666666666664,4.0,,32.34429978762563,44.3664925912184,22.152008663171703,35.48069901999972,68.44598392295072,0.0,0.0,50,32.94911233934896,100.0,57.0
Jaipur,Mustard,Rabi,11980.372304161076,34.328186301645914,4112.644524203203,2367.260852629111,304.6430084906978,-143.19091570599858,,,,9.014809614544701,35.0013959773907,11.367306786068463,28.057475960216095,18.043374455727516,49.687462382604316,,,50,36.416190990511765,66.66666666666666,36.0
Ajmer,Wheat,Kharif,18951.345202019595,24.72171434358997,4685.097425110927,2437.9031415239688,241.12624618577496,4.503758758891792,74052.11,40.666666666666664,3.0,,11.078668094504517,29.995179341955385,49.96990330604891,37.98506892759279,73.18791347172989,76.34356921253551,100.0,50,50.296403211784494,100.0,23.0
Nagaur,Bajra,Rabi,8634.435302974216,31.48161904041666,2718.2600283735887,2461.8406586861793,271.0896348560723,-143.9682952583953,37245.85,,,,27.912669305616717,36.30733352010903,27.942141585271667,32.96125674617409,62.101813923229976,100.0,,50,50.42854529347055,83.33333333333334,27.0
Kota,Mango,Rabi,18890.983639683327,25.489399486650985,4815.198286876764,2420.5607348352382,229.76267835915658,-55.271002414770166,,,,,12.990412890863634,25.42210920699903,41.10153945963453,31.69388130805323,77.39229921521903,,,50,38.26029915547921,66.66666666666666,45.0
Nagaur,Opium,Rabi,12002.093303115267,42.1200231963178,5055.284483315856,2465.8775426422094,250.29402899518487,196.17957629610825,,,,,54.40518901951295,37.371831302276846,78.4075056837555,53.78610105486831,69.79594222366823,,,50,56.43721173253618,66.66666666666666,11.0
Hanumangarh,Guava,Rabi,17521.86007951366,36.217239973193074,6345.93411276458,2463.9103324477296,309.33123526934645,-1.4046529210581769,,,,,39.705653392381905,36.85309187060366,49.09331352963859,41.749180534217636,47.952873903779704,,,50,43.95890738734128,66.66666666666666,41.0
Alwar,Cumin,Rabi,14283.203702490917,32.18831870658102,4597.523129267956,2462.5931128552493,261.74395310097293,-32.59430841460316,,,,,29.672543678059878,36.50575036906538,44.46592217365354,39.68981909090064,65.55960567788343,,,50,43.58672078583682,66.66666666666666,35.0
Udaipur,Pulses,Rabi,13824.725552868536,39.31395275714528,5435.046072659728,2473.6452711224865,329.12141518269215,245.54861932068482,,,,,47.4173104487291,39.42012643035088,85.73204580227201,57.94489417911933,40.6307413167015,,,50,49.38389019401515,66.66666666666666,29.0
Alwar,Fennel,Kharif,19846.127068408325,39.90059524852855,7918.722834074271,2485.064402963638,352.49435821123166,-40.41453015708105,,,,,48.87820980357825,42.43127083073171,43.30569049041107,42.78103869460345,31.98302873629278,,,50,44.09761933367889,66.66666666666666,29.0
Kota,Opium,Kharif,18651.475562476488,35.233256371860186,6571.522202062192,2483.3944626250486,268.8450137752359,-59.81677148988294,,,,,37.255266607442735,41.99091936010661,40.42711544976258,41.365397795969,62.932297184807176,,,50,46.035654385034086,66.66666666666666,25.0
Nagaur,Oilseeds,Kharif,17994.93269444388,31.26045210520697,5625.297316310858,2502.09784252409,279.43694901411936,-152.4722676213369,,,,,27.361903485364003,46.92286851654232,26.68046659780809,38.825907749048625,59.01340637570693,,,50,41.27689117000901,66.66666666666666,53.0
Sri Ganganagar,Pulses,Rabi,16211.19027100983,43.11619861508433,6989.6489951178255,2514.4938109901764,311.4416943560057,14.152416899756115,,,,,56.885936745715085,50.19159783442626,51.40140732785932,50.675521631799484,47.172028993840186,,,50,51.909857149152934,66.66666666666666,22.0
Nagaur,Pomegranate,Rabi,12288.894417809615,30.510591873630595,3749.4144215992646,2419.824527370672,222.03060661359515,243.75711861056936,,,,,25.49454756650804,25.227976499251646,85.46625335381279,49.3232872410761,80.253074344182,,,50,47.701673988626034,66.66666666666666,33.0
Udaipur,Coriander,Rabi,11462.880626520591,45.85960601057218,5256.831892784552,2476.7659627990874,283.1504954608401,-49.513136743008225,,,,,63.71776729502684,40.24303078052646,41.955793776228326,40.928135978807205,57.63943809597312,,,50,53.68131297855216,66.66666666666666,19.0
Jodhpur,Onion,Rabi,13606.14810810482,33.9486541104422,4619.104158974981,2547.5992270005777,308.0393110213099,-0.2369688859005949,192832.55,57.291666666666664,4.0,,34.05625759853477,58.921262175699674,49.26655465479076,55.059379167336104,48.430870601030826,0.0,0.0,50,34.290570823255536,100.0,48.0
Jodhpur,Maize,Kharif,15849.863614638429,48.276371492424346,7651.739039645444,2520.3558881303966,305.29888583810265,-153.18910357623318,63029.7,46.25,2.0,,69.73617064138938,51.73738616587923,26.574114653586296,41.67207756096205,49.444795518554194,83.42798581112653,66.41604010025061,50,59.84097938201692,100.0,9.0
Kota,Fennel,Rabi,16760.081404425822,43.37876050438901,7270.315572766516,2522.877054600091,348.11305172561777,-17.9805857599266,,,,,57.53978726000144,52.40219995411226,46.634058141202416,50.094943228948324,33.60406033543741,,,50,49.259392681474175,66.66666666666666,23.0
Udaipur,Tomato,Rabi,17613.891892371732,27.372935423589333,4821.439253279751,2505.4748374565497,311.62363600301023,251.41215324676295,,56.666666666666664,4.0,,17.680929646000425,47.81335822473061,86.6019773797681,63.328805886745606,47.10471273555898,,3.759398496240607,50,37.67957688094957,83.33333333333334,49.0
Ajmer,Opium,Rabi,15379.138738639236,40.308246766144485,6199.061193278424,2516.613879785925,343.3248243876888,-184.09369600434687,,,,,49.8933729529167,50.750644999442315,21.989016113729345,39.245993445157126,35.375647838881235,,,50,44.17185213745705,66.66666666666666,26.0
Jodhpur,Wheat,Rabi,11999.006026183277,32.30014770483092,3875.6966695687615,2618.2501495852725,309.97669689325267,25.493473045584977,74052.11,40.666666666666664,3.0,,29.95102829824394,77.5514113746072,53.084000621902305,67.76444707352525,47.71406073427814,76.34356921253551,100.0,50,57.14929098128809,100.0,8.0
Alwar,Oilseeds,Kharif,16541.723548976744,37.99737564927109,6285.420835768632,2423.446061721447,252.31632608328425,126.79551962368693,,,,,44.13867537582921,26.182949524593656,68.11347777582981,42.955160825088115,69.04771621084961,,,50,49.97714458746983,66.66666666666666,20.0
Alwar,Guava,Kharif,16051.890297820675,28.882725681306937,4636.22344138387,2449.5066072578297,393.12308276116,-215.55321920132823,,,,,21.44071801089772,33.05493128768682,17.321586371350463,26.761593321152276,16.950881009437623,,,50,27.673507091160705,66.66666666666666,48.0
Bhilwara,Cumin,Rabi,16904.16440568531,32.29191216205388,5458.677921613079,2441.307705208337,229.5698778798867,22.735909830844623,,,,,29.930519556878416,30.892938735273017,52.67488022664455,39.60571533182163,77.46363311305359,,,50,46.03109056338929,66.66666666666666,34.0
Jodhpur,Barley,Kharif,16229.455970785535,24.886695894751224,4038.9753528219417,2574.566825514411,321.7539680917549,73.99440583543324,69371.63,,,,11.48951702753215,66.03242740141448,60.27974528780297,63.73135455596987,43.35660963443959,79.3518469123646,,50,46.13879850010849,83.33333333333334,33.0
Sri Ganganagar,Gram,Rabi,17017.721103608194,39.91839793239455,6793.201629163404,2538.706433943494,250.80332093930065,-28.482264486109624,46863.89,,,,48.92254332826565,56.576295466314264,45.07599741267245,51.97617624485754,69.60751022574428,93.81821196798955,,50,60.71081045566444,83.33333333333334,6.0
Alwar,Oilseeds,Rabi,14602.09876085228,34.90705167855905,5097.162160604936,2423.446061721447,252.31632608328425,126.79551962368693,,,,,36.442928202038935,26.182949524593656,68.11347777582981,42.955160825088115,69.04771621084961,,,50,47.41189552953973,66.66666666666666,28.0
Jodhpur,Mango,Kharif,18321.24200786092,42.0996405314922,7713.17702621419,2493.8565053632315,268.6946478330232,-149.53464909138785,,,,,54.35443064054927,44.74968612502805,27.116300542671024,37.69633189208524,62.98793080563745,,,50,50.768084879199975,66.66666666666666,25.0
Alwar,Fennel,Rabi,8481.991361957891,43.58813013648688,3697.141433015782,2485.064402963638,352.49435821123166,-40.41453015708105,,,,,58.06117458695004,42.43127083073171,43.30569049041107,42.78103869460345,31.98302873629278,,,50,47.158607594802824,66.66666666666666,30.0
Alwar,Oilseeds,Rabi,13394.015442138232,27.28219406360711,3654.1812858336566,2423.446061721447,252.31632608328425,126.79551962368693,,,,,17.454958980385012,26.182949524593656,68.11347777582981,42.955160825088115,69.04771621084961,,,50,41.08257245565509,66.66666666666666,43.0
Ajmer,Bajra,Kharif,15995.940991707044,43.238206166677394,6916.357944294353,2458.255680619733,277.14934713415784,-14.4108413744142,37245.85,,,,57.18976873202203,35.362000128706555,47.16367618446727,40.08267055101084,59.85979202479504,100.0,,50,59.76993899658548,83.33333333333334,10.0
Hanumangarh,Cotton,Kharif,17128.35545141712,31.022515443954635,5313.646715211321,2447.1388047829505,318.03204408467894,163.67429764067967,91569.22,46.875,2.0,,26.76937648634136,32.430558501504706,73.58492450759772,48.89230490394191,44.733677512456296,65.08482408843429,62.65664160401001,50,46.70924450290831,100.0,28.0
Jodhpur,Barley,Kharif,16539.317394528247,38.27437611755307,6330.320546857619,2574.566825514411,321.7539680917549,73.99440583543324,69371.63,,,,44.82848187868218,66.03242740141448,60.27974528780297,63.73135455596987,43.35660963443959,79.3518469123646,,50,55.39962206987239,83.33333333333334,18.0
Bhilwara,Pulses,Rabi,17216.43144266251,36.11424770425139,6217.58469703576,2659.08827357726,281.0703717009987,-25.243724503492558,,,,,39.4491746315329,88.32013618583895,45.5564769718223,71.21467250023228,58.409059293646976,,,50,53.822116069302304,66.66666666666666,23.0
Alwar,Mustard,Kharif,12193.683893866217,50.54923232015932,6163.813599896282,2524.2067437682936,292.23551729868035,234.210612756137,,,,,75.39621226072478,52.752829594681906,84.04990495330533,65.27165973813128,54.278087428902744,,,50,63.39346416952381,66.66666666666666,3.0
Nagaur,Onion,Rabi,13392.109664657855,29.64074447984288,3969.521006161578,2527.523798232102,282.7244871643125,-140.60551481108678,192832.55,57.291666666666664,4.0,,23.328390980398318,53.627513424713555,28.441053834468242,43.55292958861543,57.797056128958594,0.0,0.0,50,30.712242082166455,100.0,52.0
Ajmer,Oilseeds,Kharif,16101.861940204022,58.511930362151695,9421.510245461985,2447.799582163897,314.04850300284903,-88.91766259816136,,,,,95.22549602940644,32.60480082904881,36.10961947761954,34.006728288477106,46.20754061501262,,,50,60.051801009731896,66.66666666666666,8.0
Bhilwara,Gram,Kharif,14329.602052884444,43.06319591174747,6170.784605407415,2540.6647921373474,303.3902739725327,190.92082041466003,46863.89,,,,56.75394559906716,57.09270068795382,77.62730080095115,65.30654073315276,50.150959343146276,93.81821196798955,,50,62.60574471451968,83.33333333333334,6.0
Bhilwara,Onion,Kharif,14941.741182336802,26.45139533482127,3952.299030045706,2499.272069933312,313.63439667800384,81.01883349342887,192832.55,57.291666666666664,4.0,,15.386044190338252,46.17773224595412,61.321910560583184,52.23540357180575,46.36075505919357,0.0,0.0,50,28.74770502082475,100.0,53.0
Hanumangarh,Pomegranate,Rabi,17399.82570582615,28.73552557430769,4999.931365582637,2486.2285110710563,312.7758807034228,101.13144924290056,,,,,21.074149709917915,42.73823791525728,64.30587889215438,51.365294306016125,46.678395819486404,,,50,40.05780754880755,66.66666666666666,45.0
Alwar,Guava,Rabi,11838.952742560938,32.28487412460827,3822.1909906076576,2449.5066072578297,393.12308276116,-215.55321920132823,,,,,29.91299292947805,33.05493128768682,17.321586371350463,26.761593321152276,16.950881009437623,,,50,30.497598730687486,66.66666666666666,56.0
Sri Ganganagar,Tomato,Kharif,17850.922775920728,36.987996041407136,6602.698609712204,2520.6183459732238,436.5769868409875,-83.09210130213346,,56.666666666666664,4.0,,41.62504562758286,51.80659444499875,36.97391732119718,45.87352359547812,0.873450258840407,,3.759398496240607,50,32.45638060522525,83.33333333333334,49.0
Sri Ganganagar,Cumin,Rabi,14686.652344387585,28.292427200405825,4155.210422712553,2400.470749762615,266.32453096541127,55.86597919140456,,,,,19.9707142478163,20.124522061436735,57.59015723616358,35.11077613132747,63.86484602457501,,,50,38.79274758920776,66.66666666666666,40.0
Jodhpur,Mustard,Kharif,15210.156489339544,50.45671716533628,7674.545640231096,2556.6525166723172,348.6342084700552,-54.166978037472646,,,,,75.16582436353026,61.30855070860234,41.265335845951164,53.291264763541875,33.4112385016729,,,50,55.9485264251225,66.66666666666666,17.0
Alwar,Cumin,Rabi,12217.940597428278,39.76587391881193,4858.570853448666,2462.5931128552493,261.74395310097293,-32.59430841460316,,,,,48.542717051930886,36.50575036906538,44.46592217365354,39.68981909090064,65.55960567788343,,,50,49.876778577127155,66.66666666666666,22.0
Alwar,Chilli,Kharif,17925.59288934729,51.60310405897474,9250.162351878058,2570.32437740795,301.7631417217884,86.76888345629207,,,,,78.02063951572794,64.91372380490816,62.17500531503285,63.818236408958036,50.752979038208615,,,50,63.175672021939846,66.66666666666666,5.0
Bhilwara,Cumin,Rabi,15568.74484979623,40.60107349723886,6321.077539063357,2441.307705208337,229.5698778798867,22.735909830844623,,,,,50.62259115449914,30.892938735273017,52.67488022664455,39.60571533182163,77.46363311305359,,,50,52.9284477625962,66.66666666666666,25.0
Jodhpur,Pomegranate,Rabi,6890.303121002288,40.098130543285215,2762.882740287553,2537.0215916692996,270.7436360115873,-169.7636134372678,,,,,49.37012641191921,56.132014460539104,24.115070382433196,43.32523682929674,62.229829404917766,,,50,50.456071172769086,66.66666666666666,22.0
Hanumangarh,Cumin,Rabi,13037.77295061773,22.87998473468753,2983.040460844556,2468.3085879503096,265.3705349611329,-124.67212477456732,,,,,6.4922604663971315,38.012880776824296,30.80497963486023,35.12972032003867,64.21781326698792,,,50,34.37557489420694,66.66666666666666,49.0
Bhilwara,Oilseeds,Rabi,16533.607798574943,56.07682480244123,9271.522278729632,2572.1419740866495,262.7972748944641,11.953323777736209,,,,,89.16142090115868,65.39301120935804,51.07514323988479,59.66586402156874,65.16988906779842,,,50,68.66534851969757,66.66666666666666,5.0
Ajmer,Pulses,Rabi,14587.654456116925,38.97511676460344,5685.555357488449,2522.4990034676835,334.52840056174574,-122.27702636882337,,,,,46.57351667283528,52.302510541095394,31.160323657873462,43.84563578780662,38.630220653666726,,,50,44.94271923176021,66.66666666666666,25.0
Alwar,Bajra,Rabi,19836.834773965937,51.88194115360741,10291.73494416734,2394.221269647179,242.1820867950497,118.98296516864873,37245.85,,,,78.71501971770812,18.47657830208087,66.95438363447617,37.867700435039,72.79726492958511,100.0,,50,67.41320528430289,83.33333333333334,2.0
Sri Ganganagar,Mango,Rabi,19919.89358811418,29.192468390472644,5815.10863912602,2600.0678677549295,281.3737146772511,108.35022110961363,,,,,22.212061598578238,72.75687209778738,65.3768776578756,69.80487432182267,58.29682597888155,,,50,47.67801888112177,66.66666666666666,27.0
Hanumangarh,Pomegranate,Kharif,15226.30091670478,38.97998335881397,5935.209563494461,2486.2285110710563,312.7758807034228,101.13144924290056,,,,,46.58563581600493,42.73823791525728,64.30587889215438,51.365294306016125,46.678395819486404,,,50,48.56163625083656,66.66666666666666,22.0
Hanumangarh,Tomato,Rabi,14261.812535610154,40.89750911181558,5832.726081261219,2493.535664595839,339.36386319881217,340.1557451237091,,56.666666666666664,4.0,,51.36079645747389,44.66508268112473,99.76824431835081,66.70634733601517,36.84115664800871,,3.759398496240607,50,46.56891991576103,83.33333333333334,31.0
Nagaur,Cumin,Kharif,20000.0,27.32378036444448,5464.756072888896,2561.3516865774504,264.64972231186954,-113.19591514427711,,,,,17.55852017984846,62.54768861708045,32.50762470747631,50.531663053238795,64.48450542499049,,,50,42.224851292477936,66.66666666666666,50.0
Kota,Pulses,Rabi,15369.614420353457,50.77712850372215,7804.248864749485,2492.3657509338323,221.86103658887066,146.55688084479675,,,,,75.96373573955512,44.35658471286537,71.04533292620128,55.03208399819974,80.31581324849027,,,50,66.05963029573637,66.66666666666666,3.0
Nagaur,Gram,Kharif,15130.807339117362,54.60054643313953,8261.503486903659,2625.0862951061263,277.5716463498944,-36.169327608807954,46863.89,,,,85.48508625276789,79.35405465709619,43.935521543862436,65.18664141180268,59.70354630784948,93.81821196798955,,50,72.15207065214263,83.33333333333334,3.0
Udaipur,Citrus,Kharif,13132.051914796644,35.24896324877403,4628.912153256595,2441.090367696757,320.9339084147643,103.0029107565951,,,,,37.294381002814994,30.835628368767786,64.58353456659174,44.33479084789737,43.660022019295816,,,50,42.98607563090346,66.66666666666666,42.0
Bhilwara,Cumin,Kharif,12772.588242905857,22.512946663253672,2875.4859786424045,2441.307705208337,229.5698778798867,22.735909830844623,,,,,5.578235843839609,30.892938735273017,52.67488022664455,39.60571533182163,77.46363311305359,,,50,37.91366265904302,66.66666666666666,48.0
Sri Ganganagar,Pomegranate,Rabi,13164.692727284144,40.30627573329731,5306.197350100485,2432.2045493813166,264.172948654992,-108.26062942369596,,,,,49.88846454505822,28.492500849483292,33.23983858163918,30.391435942345645,64.66090604110259,,,50,47.66605230786544,66.66666666666666,28.0
Alwar,Barley,Kharif,13712.09332644822,43.96840327599924,6028.988491354132,2413.9898348072156,271.3699708123437,86.2933972867854,69371.63,,,,59.00815812861292,23.68940928724333,62.10446075287438,39.055429873495754,61.998092933843694,79.3518469123646,,50,56.961796093092914,83.33333333333334,11.0
Udaipur,Opium,Rabi,10781.0476089845,26.01426956966515,2804.610787435167,2535.642031221851,303.2934197319395,104.88091920157204,,,,,14.297482148405791,55.76823411592906,64.86216156349947,59.40580509495722,50.186794267050445,,,50,40.64473426153395,66.66666666666666,45.0
Bhilwara,Cotton,Kharif,10485.838877906994,27.44440744315076,2877.776345485103,2577.1034544330764,305.4366722745149,120.71996455962663,91569.22,46.875,2.0,,17.85891441321504,66.70131852821257,67.212090102854,66.90562715806914,49.393816166141576,65.08482408843429,62.65664160401001,50,48.78331423350497,100.0,32.0
Sri Ganganagar,Sugarcane,Kharif,15247.319258803507,39.35605476687678,6000.74331797526,2525.773679113796,220.09829426346843,1.0812530726509348,,,,,47.52215590359817,53.166019376269745,49.46213004027501,51.68446364187185,80.9680070678474,,,50,55.81684368593469,66.66666666666666,9.0
Jodhpur,Maize,Rabi,14072.37276885041,30.066599440573047,4231.083952194531,2520.3558881303966,305.29888583810265,-153.18910357623318,63029.7,46.25,2.0,,24.388885653948233,51.73738616587923,26.574114653586296,41.67207756096205,49.444795518554194,83.42798581112653,66.41604010025061,50,48.50415813515664,100.0,27.0
Bhilwara,Mango,Kharif,15957.52353125754,49.01341019324319,7821.326465058564,2470.8879837233767,349.00917395365167,-75.6934263913202,,,,,71.57159746154045,38.693049221017844,38.07160704512268,38.44447235065978,33.27250570598872,,,50,50.76355958855383,66.66666666666666,22.0
Nagaur,Fennel,Rabi,9374.482591062766,30.040001234321924,2816.094686066549,2479.779539577975,265.03635760448805,72.69541893171021,,,,,24.322648886371464,41.03768968884762,60.08702367306535,48.657423282534715,64.34145493794124,,,50,43.95115349172133,66.66666666666666,39.0
Ajmer,Citrus,Kharif,14519.60161330008,46.94037828898461,6815.555923336568,2584.4572310757026,254.93179490866285,-104.42694508089691,,,,,66.40918420986472,68.64045748090398,33.8086155530012,54.707720709742865,68.08002366835397,,,50,60.341124992890464,66.66666666666666,7.0
Udaipur,Barley,Rabi,15639.589884713068,24.63714599273657,3853.14859256202,2419.3044090480366,274.43022999770966,-74.85176930889443,69371.63,,,,10.868069900515751,25.09082497175153,38.19647782828111,30.33308611436336,60.86583321694427,79.3518469123646,,50,41.46254079710882,83.33333333333334,44.0
Hanumangarh,Pomegranate,Rabi,14042.838193000143,40.969567949573694,5753.290135529881,2486.2285110710563,312.7758807034228,101.13144924290056,,,,,51.54024256159735,42.73823791525728,64.30587889215438,51.365294306016125,46.678395819486404,,,50,50.2131718327007,66.66666666666666,25.0
Hanumangarh,Cumin,Rabi,18228.0214157958,29.40596959573088,5360.126435432225,2468.3085879503096,265.3705349611329,-124.67212477456732,,,,,22.743737666375203,38.012880776824296,30.80497963486023,35.12972032003867,64.21781326698792,,,50,39.79273396086629,66.66666666666666,46.0
Ajmer,Barley,Rabi,20000.0,25.6701087869792,5134.021757395839,2479.090532131035,224.21801866417482,41.58834654923598,69371.63,,,,13.440428196850482,40.856003292321695,55.47188459650668,46.702355813995695,79.4437577474129,79.3518469123646,,50,48.91102101219822,83.33333333333334,20.0
Jaipur,Guava,Rabi,12874.779699268613,27.028342273595165,3479.8395240896666,2589.723922730277,207.9948848107761,-6.728942680931382,,,,9.014809614544701,16.822798982255136,70.02924686566736,48.303385842983126,61.33890245659367,85.44612546577794,,,50,49.053865408998945,66.66666666666666,24.0
Bhilwara,Chilli,Kharif,9590.580971232164,34.40846657664412,3299.971847992411,2603.492182982168,277.12562521838623,-6.155608085795384,,,,,35.201315696256366,73.6598398334325,48.38844749267556,63.551282897129724,59.868568853164454,,,50,50.65449444195294,66.66666666666666,24.0
Jodhpur,Fenugreek,Rabi,15801.37995303445,32.62796482979089,5155.6686936977085,2600.736397971686,276.76488909499176,118.47205023916065,,,,,30.76738209701717,72.93315879336765,66.87858275463489,70.51132837787455,60.00203695380874,,,50,51.05922232386735,66.66666666666666,18.0
Bhilwara,Coriander,Kharif,10256.4278939036,32.074548664866406,3289.702956107042,2703.3817006090985,235.11686265536576,198.72561027512006,,,,,29.389225331735975,100.0,78.7852429636354,91.51409718545416,75.41131432856531,,,50,59.2824305590795,66.66666666666666,14.0
Bhilwara,Cumin,Kharif,13550.81684494968,34.09954099667942,4620.7663454285575,2441.307705208337,229.5698778798867,22.735909830844623,,,,,34.43200698252397,30.892938735273017,52.67488022664455,39.60571533182163,77.46363311305359,,,50,47.53158637193781,66.66666666666666,35.0
Sri Ganganagar,Opium,Rabi,19836.661884766272,35.007986261872794,6944.415867433134,2485.465088150359,348.51554368155143,190.79147202556635,,,,,36.694282766038086,42.53692868398138,77.60811028383478,56.56540132392274,33.45514307043612,,,50,44.006563222479315,66.66666666666666,35.0
Alwar,Barley,Rabi,14194.408056282504,42.21525528073344,5992.205596548652,2413.9898348072156,271.3699708123437,86.2933972867854,69371.63,,,,54.64234281032632,23.68940928724333,62.10446075287438,39.055429873495754,61.998092933843694,79.3518469123646,,50,55.749069615791086,83.33333333333334,12.0
Ajmer,Maize,Rabi,8544.553796012086,38.926080890015385,3326.059922326545,2513.017791635528,358.7174179668526,-51.35285858715823,63029.7,46.25,2.0,,46.4514040086448,49.80238195738498,41.6828470948904,46.55456801238715,29.68057020243988,83.42798581112653,66.41604010025061,50,52.03165201669865,100.0,12.0
Sri Ganganagar,Fennel,Kharif,14366.609283516917,34.09733021198284,4898.630207666145,2587.576710018225,343.6374431048228,-78.59303445894973,,,,,34.42650152735428,69.46304204167001,37.64141244708775,56.73439020383711,35.25998260965744,,,50,43.65666775207282,66.66666666666666,31.0
Jaipur,Onion,Rabi,14606.229098723086,41.50079786905326,6061.701614551907,2492.813910915068,279.5897071192471,-137.0735566481295,192832.55,57.291666666666664,4.0,9.014809614544701,52.86314954164635,44.47476133406082,28.965065799792832,38.27088312035362,58.9568876828808,0.0,0.0,50,37.21349716191443,100.0,35.0
Nagaur,Wheat,Rabi,14325.432054575764,29.274618486308647,4193.715580492421,2556.8332538105415,257.89704597663444,-13.331204343264167,74052.11,40.666666666666664,3.0,,22.41663767987202,61.35620981520303,47.32385439055804,55.743267645345036,66.98291583160199,76.34356921253551,100.0,50,55.75178570565764,100.0,13.0
Sri Ganganagar,Opium,Kharif,15505.964015900185,37.16826527235262,5763.297838465322,2485.465088150359,348.51554368155143,190.79147202556635,,,,,42.07396504111943,42.53692868398138,77.60811028383478,56.56540132392274,33.45514307043612,,,50,45.79979064750643,66.66666666666666,28.0
Alwar,Guava,Kharif,11728.802767671465,35.71618152774863,4189.080487533145,2449.5066072578297,393.12308276116,-215.55321920132823,,,,,38.45788158852655,33.05493128768682,17.321586371350463,26.761593321152276,16.950881009437623,,,50,33.345894950370315,66.66666666666666,44.0
Bhilwara,Sugarcane,Kharif,14704.235603147215,39.6868463596746,5835.647392185606,2626.7664802046993,346.505037229815,106.38506022855107,,,,,48.34591693626453,79.7971075985588,65.08532046270135,73.91239274421582,34.199006687202086,,,50,52.66507838131948,66.66666666666666,21.0
Jaipur,Chilli,Kharif,17124.643269769673,39.94682040141496,6840.750491357886,2374.438118245766,347.8007273815389,193.19095624842856,,,,9.014809614544701,48.993323006289366,13.25990102810653,77.96410499990316,39.14158261682518,33.71961665011122,,,50,43.51278636327208,66.66666666666666,29.0
Nagaur,Coriander,Kharif,17859.409901739735,33.3939576972328,5963.963787562373,2493.3520104450463,351.9994672351066,131.9883035446136,,,,,32.674912666830316,44.61665437891584,68.88389485960194,54.32355057119028,32.16613254632398,,,50,41.811144217192314,66.66666666666666,51.0
Jodhpur,Onion,Rabi,13162.687876078686,34.61476947608473,4556.234065161191,2547.5992270005777,308.0393110213099,-0.2369688859005949,192832.55,57.291666666666664,4.0,,35.715066024817865,58.921262175699674,49.26655465479076,55.059379167336104,48.430870601030826,0.0,0.0,50,34.705272929826315,100.0,47.0
Sri Ganganagar,Fennel,Kharif,11568.821378038014,47.04249745736778,5442.262502610953,2587.576710018225,343.6374431048228,-78.59303445894973,,,,,66.66348871286267,69.46304204167001,37.64141244708775,56.73439020383711,35.25998260965744,,,50,54.402330147242274,66.66666666666666,12.0
Sri Ganganagar,Fennel,Kharif,14900.310028066617,29.09070761746067,4334.605624360032,2587.576710018225,343.6374431048228,-78.59303445894973,,,,,21.95864959752866,69.46304204167001,37.64141244708775,56.73439020383711,35.25998260965744,,,50,39.5007171087976,66.66666666666666,45.0
Hanumangarh,Maize,Rabi,14614.387465683209,36.64187959474855,5354.986258685665,2487.8483664724167,256.40323019502836,-81.69245905284988,63029.7,46.25,2.0,,40.763121540846605,43.165382341741214,37.18157246657533,40.77185839167486,67.53561000929432,83.42798581112653,66.41604010025061,50,55.131295446634816,100.0,17.0
Nagaur,Pomegranate,Kharif,13353.825276777116,42.40901776340223,5663.226133722104,2419.824527370672,222.03060661359515,243.75711861056936,,,,,55.12486409046298,25.227976499251646,85.46625335381279,49.3232872410761,80.253074344182,,,50,57.57844616327768,66.66666666666666,15.0
Jaipur,Fennel,Kharif,15479.5691759922,44.80485414344646,6935.598391337203,2471.8541445468645,384.4118601479391,-20.275982504749763,,,,9.014809614544701,61.09114828115935,38.94781900509448,46.29350615730028,41.886093865976804,20.173930382856582,,,50,45.56812720121824,66.66666666666666,27.0
Sri Ganganagar,Citrus,Kharif,18797.1235225941,31.700650977681708,5958.810521741265,2428.3367514203997,416.38292640290416,-107.82273387001561,,,,,28.45811840032406,27.47258984978287,33.30480608666161,29.805476344534366,8.345013864960208,,,50,29.103169264975897,66.66666666666666,51.0
Jaipur,Cumin,Rabi,17908.37160158021,35.01365971752969,6270.376293528017,2560.745512353732,311.61613444070485,341.7178303923261,,,,9.014809614544701,36.70841121365426,62.38784475637406,100.0,77.43270685382444,47.1074882249204,,,50,52.30635654388869,66.66666666666666,20.0
Ajmer,Fenugreek,Kharif,13061.318070468593,56.12485581830605,7330.645935020851,2459.3967608095586,336.8618102587897,-5.9558410298217,,,,,89.2810311938332,35.662894914034844,48.4180855355906,40.76497116265715,37.76688665384755,,,50,58.18438003875582,66.66666666666666,12.0
Udaipur,Chilli,Kharif,11419.08950473056,50.37604310713397,5752.485451345277,2565.603941010463,295.2578382433757,152.0568742817712,,,,,74.96492401738773,63.66897807262543,71.86132854030795,66.94591825969843,53.159864412504625,,,50,63.472525757549754,66.66666666666666,6.0
Hanumangarh,Oilseeds,Kharif,18001.746954128936,25.59988960497462,4608.427347223889,2413.692546468509,238.5835111031641,-140.0562415335624,,,,,13.265563335891231,23.611016452407267,28.522545674511683,25.575628141249034,74.12869538933825,,,50,36.0677610274978,66.66666666666666,42.0
Kota,Cotton,Rabi,19177.395900192987,47.45603099132701,9100.83094172506,2495.961547812856,307.8006086489773,183.68369200673132,91569.22,46.875,2.0,,67.69329968264944,45.30477094871921,76.55357860341249,57.80429401059652,48.5191876565969,65.08482408843429,62.65664160401001,50,59.29044964493735,100.0,9.0
Udaipur,Fennel,Rabi,15866.080887839573,31.35178599172657,4974.299725229693,2543.258940436375,330.1459237111207,310.4078807126678,,,,,27.5893497032091,57.77675926902949,95.35476143575991,72.80796013572166,40.25168527402816,,,50,46.662242992067775,66.66666666666666,33.0
Ajmer,Sugarcane,Kharif,14597.073775588357,48.32675721849371,7054.292404532998,2496.761937413637,371.7014042161029,38.96302850322494,,,,,69.86164480289236,45.51582803239601,55.082384493328654,49.34245061676907,24.876648800911894,,,50,51.42053152561825,66.66666666666666,22.0
Udaipur,Guava,Kharif,17380.466161656637,32.708214739175695,5684.840194824421,2627.1128861523953,168.65883181758016,122.41373154589571,,,,,30.96722619724681,79.88845239991265,67.46338248128173,74.91842443246028,100.0,,,50,60.30065524773835,66.66666666666666,8.0
Bhilwara,Gram,Kharif,18913.02072863446,21.962600123464878,4153.791113898009,2540.6647921373474,303.3902739725327,190.92082041466003,46863.89,,,,4.207723280003461,57.09270068795382,77.62730080095115,65.30654073315276,50.150959343146276,93.81821196798955,,50,48.0095718481131,83.33333333333334,34.0
Nagaur,Cumin,Rabi,18097.63861302497,40.952385756916094,7411.414777698586,2561.3516865774504,264.64972231186954,-113.19591514427711,,,,,51.49745422877612,62.54768861708045,32.50762470747631,50.531663053238795,64.48450542499049,,,50,53.53782930878716,66.66666666666666,23.0
Ajmer,Chilli,Rabi,11727.100709354405,44.769456966572896,5250.159305501085,2608.7949394649886,264.64068803063975,-128.41063236395053,,,,,61.00299968364447,75.05813925863812,30.250323373684896,57.13501290465683,64.4878480022325,,,50,58.46790626956981,66.66666666666666,4.0
Alwar,Chilli,Kharif,11682.885994542194,34.56841518299415,4038.588535949221,2570.32437740795,301.7631417217884,86.76888345629207,,,,,35.599631227875626,64.91372380490816,62.17500531503285,63.818236408958036,50.752979038208615,,,50,49.035335925989074,66.66666666666666,21.0
Kota,Pulses,Rabi,14075.897147442776,36.18381391608939,5093.196430850829,2492.3657509338323,221.86103658887066,146.55688084479675,,,,,39.622413419186685,44.35658471286537,71.04533292620128,55.03208399819974,80.31581324849027,,,50,53.945856188946884,66.66666666666666,16.0
Nagaur,Tomato,Rabi,18930.926238358825,37.50272414279775,7099.613044848228,2447.7009755664544,398.67573607729423,32.876150679443946,,56.666666666666664,4.0,,42.90685859253053,32.57879896587217,54.1793169415716,41.21900615615194,14.89646493192653,,3.759398496240607,50,34.21285349267772,83.33333333333334,51.0
Kota,Mustard,Kharif,13313.495920265092,32.61869809818563,4342.689040545532,2384.9080130746947,310.1454691446306,154.8290104522878,,,,,30.74430541501318,16.02073833388955,72.2726110232362,38.52148740962821,47.65161699667595,,,50,40.050821846907105,66.66666666666666,32.0
Kota,Mango,Rabi,9949.685423337149,23.093666195094418,2297.747139127448,2420.5607348352382,229.76267835915658,-55.271002414770166,,,,,7.0243854185388965,25.42210920699903,41.10153945963453,31.69388130805323,77.39229921521903,,,50,36.27162333137097,66.66666666666666,48.0
Sri Ganganagar,Bajra,Rabi,17894.554899292372,45.7734957468812,8190.963325750915,2389.0132934877433,326.88810338919103,197.05452097240195,37245.85,,,,63.50332931871283,17.10327177861227,78.53731511473444,41.676889113061144,41.45704027567524,100.0,,50,58.810851326268576,83.33333333333334,11.0
Kota,Onion,Rabi,11296.953384360231,26.56231727937325,3000.7326008566592,2616.4830118474365,349.6511976695419,-85.18026394926444,192832.55,57.291666666666664,4.0,,15.662270000119785,77.08542963641491,36.664111213039796,60.91690226706487,33.03496452180643,0.0,0.0,50,28.554192631713885,100.0,52.0
Alwar,Fennel,Kharif,14920.78272912322,36.06777786931919,5381.594771103903,2485.064402963638,352.49435821123166,-40.41453015708105,,,,,39.33345210398068,42.43127083073171,43.30569049041107,42.78103869460345,31.98302873629278,,,50,40.916033433813034,66.66666666666666,34.0
Bhilwara,Pomegranate,Rabi,12571.189440235064,27.04328016792173,3399.6619807629595,2536.6277299521826,268.4667055561834,-58.06310506115809,,,,,16.85999840184206,56.02815590802223,40.687294690127786,49.89181142086446,63.07226675308865,,,50,41.53893586346228,66.66666666666666,40.0
Ajmer,Guava,Rabi,13578.481958787252,47.231800332726536,6413.361486989689,2412.8008382633275,216.4704089676421,-51.84639801066651,,,,,67.13490435790162,23.375879297835656,41.60962409752023,30.669377217709485,82.31028173452884,,,50,57.018858390928834,66.66666666666666,5.0
Hanumangarh,Bajra,Rabi,16638.8527440111,41.94562486435485,6979.270753735309,2344.058933480805,270.949323127899,-83.43510362909235,37245.85,,,,53.970889741172755,5.249124607827964,36.92302846148596,17.91868614929116,62.15372760373745,100.0,,50,54.33279867301338,83.33333333333334,19.0
Ajmer,Maize,Kharif,13690.842328420296,32.44276107366014,4441.687265580925,2513.017791635528,358.7174179668526,-51.35285858715823,63029.7,46.25,2.0,,30.306174373708412,49.80238195738498,41.6828470948904,46.55456801238715,29.68057020243988,83.42798581112653,66.41604010025061,50,47.995344607964554,100.0,28.0
Jodhpur,Pomegranate,Kharif,14734.911122383994,28.095978828246785,4139.917509305987,2537.0215916692996,270.7436360115873,-169.7636134372678,,,,,19.48150437235774,56.132014460539104,24.115070382433196,43.32523682929674,62.229829404917766,,,50,40.49319715958193,66.66666666666666,42.0
Jaipur,Sugarcane,Kharif,14223.611811998691,42.21693899694216,6004.773521833346,2517.906082920902,248.36920773888392,-63.48268798653927,,,,9.014809614544701,54.6465357216125,51.09138983785629,39.88322902203654,46.608125511528385,70.50810333118591,,,50,54.74596604318225,66.66666666666666,8.0
Hanumangarh,Coriander,Kharif,16682.758343823716,34.782581105594055,5802.693951590743,2553.2448768416994,256.60488801339017,4.444493545754708,,,,,36.132962622638956,60.40998015724901,49.96111054028599,56.230432310463804,67.46099900071675,,,50,50.53130262381335,66.66666666666666,18.0
Kota,Mango,Kharif,17090.863213532208,32.84691106582253,5613.820640130302,2420.5607348352382,229.76267835915658,-55.271002414770166,,,,,31.312617772344858,25.42210920699903,41.10153945963453,31.69388130805323,77.39229921521903,,,50,44.367700782639616,66.66666666666666,26.0
Ajmer,Oilseeds,Kharif,18519.37391275993,26.419897079270488,4892.799527476441,2447.799582163897,314.04850300284903,-88.91766259816136,,,,,15.307604967320993,32.60480082904881,36.10961947761954,34.006728288477106,46.20754061501262,,,50,33.41250398903675,66.66666666666666,56.0
Ajmer,Pulses,Rabi,14678.093567987313,45.2928541155821,6648.127506697134,2522.4990034676835,334.52840056174574,-122.27702636882337,,,,,62.30640093491502,52.302510541095394,31.160323657873462,43.84563578780662,38.630220653666726,,,50,50.18701398578678,66.66666666666666,16.0
Nagaur,Chilli,Rabi,10287.371543794505,24.91519358539089,2563.118534984816,2529.6622960006016,285.5387662456558,0.00031933499111031616,,,,,11.560484027846114,54.19142017965962,49.301759450895624,52.235555888154025,56.75580614230537,,,50,39.134137474584186,66.66666666666666,44.0
Jaipur,Pomegranate,Kharif,11418.224980802834,44.91421135478199,5128.4057008423,2398.6335675262926,377.4853499041316,-208.32035645843317,,,,9.014809614544701,61.3634774796657,19.640070083796413,18.39467570195964,19.141912331061704,22.73665728038783,,,50,40.106333904249254,66.66666666666666,34.0
Nagaur,Barley,Rabi,20000.0,50.82013218638949,10164.026437277898,2570.1274617512154,181.80305849070606,53.49096807035679,69371.63,,,,76.07082660526572,64.86179853726325,57.23779342329045,61.812196491674136,95.13679153617322,79.3518469123646,,50,72.28160190770214,83.33333333333334,1.0
Jaipur,Barley,Rabi,16914.15330432227,37.19334966462981,6290.940181288119,2486.549762048151,326.95860071671166,-90.95532017298035,69371.63,,,9.014809614544701,42.13643200018357,42.822949528561324,35.80730645431198,40.016692298861585,41.43095709798808,79.3518469123646,,50,49.06096340152345,83.33333333333334,23.0
Alwar,Gram,Kharif,9596.826797541784,34.85961780010783,3345.4171425613936,2526.732325476933,278.24338766668,-52.21825896305323,46863.89,,,,36.32480494392992,53.41880765023497,41.55445368510388,48.673066064182535,59.455009962689445,93.81821196798955,,50,54.7853308204676,83.33333333333334,13.0
Kota,Bajra,Rabi,12636.648744275284,30.508423803967904,3855.242353522292,2522.1941674671225,245.24804492519522,93.40521353268004,37245.85,,,,25.4891484833901,52.22212744114591,63.159591260116365,56.597112968734095,71.66289667049634,100.0,,50,56.60127135018755,83.33333333333334,12.0
Jodhpur,Fenugreek,Kharif,14495.56854424563,38.65467557017766,5603.214992830874,2600.736397971686,276.76488909499176,118.47205023916065,,,,,45.775530947151,72.93315879336765,66.87858275463489,70.51132837787455,60.00203695380874,,,50,56.0619386072453,66.66666666666666,15.0
Kota,Citrus,Rabi,9062.100568872636,40.61594407360978,3680.657698947584,2495.9311253092324,282.7288893063056,103.41680843967605,,,,,50.65962293406782,45.296748749421845,64.64494167515527,53.036025919715215,57.795427388468035,,,50,52.58856670097361,66.66666666666666,19.0
Nagaur,Gram,Kharif,11781.77092278058,28.516623841631603,3359.763295932067,2625.0862951061263,277.5716463498944,-36.169327608807954,46863.89,,,,20.529024860049294,79.35405465709619,43.935521543862436,65.18664141180268,59.70354630784948,93.81821196798955,,50,54.108720265276354,83.33333333333334,21.0
Jodhpur,Onion,Rabi,20000.0,36.52681655552511,7305.363311105021,2547.5992270005777,308.0393110213099,-0.2369688859005949,192832.55,57.291666666666664,4.0,,40.47658327906446,58.921262175699674,49.26655465479076,55.059379167336104,48.430870601030826,0.0,0.0,50,35.89565224338796,100.0,45.0
Sri Ganganagar,Chilli,Rabi,7409.137431761011,32.97711746817838,2443.319954250603,2517.1989278254327,302.037566426736,68.93737802738141,,,,,31.636867126922564,50.904918034610326,59.52946939037287,54.35473857691534,50.651445141922935,,,50,45.17050835786953,66.66666666666666,33.0
Alwar,Sugarcane,Rabi,18302.878904995712,31.073936494306125,5687.424967568119,2441.395499450784,295.1848422073701,-119.79896052809897,,,,,26.897428886887774,30.916089456817065,31.52797697976742,31.160844465997208,53.18687208278881,,,50,37.912742569786275,66.66666666666666,47.0
Bhilwara,Bajra,Kharif,11311.35121664275,34.91736486141905,3949.625775071712,2560.8717200636356,236.42500243619514,141.9375313439237,37245.85,,,,36.46861083227442,62.421124837929085,70.35999230244744,65.59667182373643,74.92731807589837,100.0,,50,62.195094204667384,83.33333333333334,8.0
Jaipur,Wheat,Rabi,13604.06862965984,47.16692410038034,6416.620725115308,2503.988940727061,297.6413670220433,-33.230135454014736,74052.11,40.666666666666664,3.0,9.014809614544701,66.97334489473332,47.42153775371899,44.37158895645326,46.201558234812694,52.277986945046564,76.34356921253551,100.0,50,62.77688129428318,100.0,2.0
Nagaur,Fenugreek,Kharif,20000.0,24.410787127877025,4882.157425575406,2612.662662648438,273.9225402489848,-32.02449652768444,,,,,10.3043747633668,76.0780305400486,44.550461183730484,63.46700279752136,61.053672421516495,,,50,42.570060151431264,66.66666666666666,49.0
Jodhpur,Chilli,Rabi,15761.21898448372,45.10433775927885,7108.993445741116,2471.029992041708,324.83249979008684,81.14825384778584,,,,,61.83694393623674,38.7304958113978,61.34111175468306,47.774742188711905,42.21758930378014,,,50,51.79576375649145,66.66666666666666,16.0
Jodhpur,Cotton,Rabi,18257.35897481804,36.77562356813184,6714.257610061618,2494.8963609333077,247.2235805086397,-116.29286601109928,91569.22,46.875,2.0,,41.09618040940878,45.02388869319144,32.04815173657385,39.83359391054441,70.93197186153506,65.08482408843429,62.65664160401001,50,52.40894743735748,100.0,14.0
Sri Ganganagar,Cotton,Kharif,15924.151618512307,25.22384888440335,4016.6839403768154,2464.628477114618,326.4832059477054,115.85394052321007,91569.22,46.875,2.0,,12.329119668498123,37.042461546201174,66.49015210104473,48.8215377681386,41.6068475418905,65.08482408843429,62.65664160401001,50,42.616002375701974,100.0,33.0
Kota,Barley,Kharif,15807.380823735322,32.838328687043195,5190.879671710842,2477.792885128488,276.3843557591727,-109.11607241860723,69371.63,,,,31.29124531500335,40.51382294448559,33.112922478926535,37.55346275826197,60.14282978898611,79.3518469123646,,50,48.61967265067315,83.33333333333334,23.0
Udaipur,Citrus,Rabi,16864.71566956815,26.36315487679913,4446.071111500063,2441.090367696757,320.9339084147643,103.0029107565951,,,,,15.166301450782893,30.835628368767786,64.58353456659174,44.33479084789737,43.660022019295816,,,50,35.61004911355943,66.66666666666666,53.0
Jaipur,Wheat,Rabi,16131.30118170656,41.46218956661751,6688.390675521185,2503.988940727061,297.6413670220433,-33.230135454014736,74052.11,40.666666666666664,3.0,9.014809614544701,52.76700436814006,47.42153775371899,44.37158895645326,46.201558234812694,52.277986945046564,76.34356921253551,100.0,50,59.22529616263486,100.0,9.0
Kota,Mango,Kharif,18378.150752316506,47.119773362701714,8659.742982747197,2420.5607348352382,229.76267835915658,-55.271002414770166,,,,,66.85592673415488,25.42210920699903,41.10153945963453,31.69388130805323,77.39229921521903,,,50,56.21547043657629,66.66666666666666,11.0
Nagaur,Cotton,Rabi,9680.902595379355,38.64590735079463,3741.2726477309775,2487.588697001986,280.0303048450456,55.441129147157405,91569.22,46.875,2.0,,45.75369569616255,43.09690933672524,57.52712520226548,48.86899568294134,58.79387173355707,65.08482408843429,62.65664160401001,50,53.55969159432861,100.0,22.0
Udaipur,Oilseeds,Rabi,12282.803097412145,32.72998489008651,4020.1595978620726,2548.9578021351304,296.33628093271363,-146.77735057676895,,,,,31.021439793922344,59.27950884154187,27.525381666220415,46.57785797141329,52.76085336796266,,,50,43.313412730610196,66.66666666666666,40.0
Bhilwara,Cotton,Kharif,13213.016117869523,48.05422646654527,6349.412688342149,2577.1034544330764,305.4366722745149,120.71996455962663,91569.22,46.875,2.0,,69.182969109355,66.70131852821257,67.212090102854,66.90562715806914,49.393816166141576,65.08482408843429,62.65664160401001,50,61.61432790753995,100.0,9.0
Bhilwara,Citrus,Rabi,8592.977358063914,36.55764285357766,3141.3899730497988,2521.2294029530503,280.30322522981425,-68.6014904709033,,,,,40.55334914515638,51.967725853998495,39.12378804731839,46.830150731326455,58.692894417951926,,,50,47.744402126996235,66.66666666666666,30.0
Jaipur,Oilseeds,Rabi,18168.170427198154,36.1909741403661,6575.2378610849255,2429.589871796776,333.5078134620281,219.49112779389557,,,,9.014809614544701,39.64024432502809,27.8030288408392,81.86607777083053,49.42824841283573,39.0078258140804,,,50,44.19584618124831,66.66666666666666,30.0
Nagaur,Onion,Kharif,14835.31799815114,30.37479842975772,4506.1979383519765,2527.523798232102,282.7244871643125,-140.60551481108678,192832.55,57.291666666666664,4.0,,25.15638495902481,53.627513424713555,28.441053834468242,43.55292958861543,57.797056128958594,0.0,0.0,50,31.169240576823075,100.0,60.0
Alwar,Guava,Rabi,16563.367285138014,49.5688016624422,8210.262678191899,2449.5066072578297,393.12308276116,-215.55321920132823,,,,,72.95467327169595,33.05493128768682,17.321586371350463,26.761593321152276,16.950881009437623,,,50,44.84482551142678,66.66666666666666,34.0
Kota,Onion,Kharif,16666.813398010345,28.072681228336187,4678.82139614507,2616.4830118474365,349.6511976695419,-85.18026394926444,192832.55,57.291666666666664,4.0,,19.423487012246863,77.08542963641491,36.664111213039796,60.91690226706487,33.03496452180643,0.0,0.0,50,29.494496884745654,100.0,45.0
Alwar,Tomato,Rabi,14407.98473907802,26.181265324025084,3772.19271238306,2498.563704124966,282.8798758148279,-75.51769971045312,,56.666666666666664,4.0,,14.71334699520835,45.99094118627514,38.097678385481935,42.833636065957855,57.73956416544017,,3.759398496240607,50,33.86110404286323,83.33333333333334,54.0
Udaipur,Wheat,Rabi,14415.275158941957,55.05358603346322,7936.125911588561,2398.105904302635,283.4050603710886,56.87306007063202,74052.11,40.666666666666664,3.0,,86.61327807241157,19.500929019194793,57.73957079272818,34.79638572860815,57.5452520889222,76.34356921253551,100.0,50,66.19591985904319,100.0,2.0
Udaipur,Chilli,Rabi,16780.670166842585,25.28837342455894,4243.55853493471,2565.603941010463,295.2578382433757,152.0568742817712,,,,,12.489803322460817,63.66897807262543,71.86132854030795,66.94591825969843,53.159864412504625,,,50,42.64748552590745,66.66666666666666,41.0
Ajmer,Onion,Kharif,16967.702329589283,42.40272779776313,7194.768632350457,2492.403324478683,253.94268153308914,-182.9950896678531,192832.55,57.291666666666664,4.0,,55.10920036531664,44.3664925912184,22.152008663171703,35.48069901999972,68.44598392295072,0.0,0.0,50,38.64033748377171,100.0,47.0
Alwar,Pulses,Rabi,14943.873730662308,24.30851493726764,3632.633778024462,2421.2287700549305,199.14821140858956,118.42926079120296,,,,,10.049689193407549,25.59826537535014,66.87223438308435,42.10785297844382,88.71929002966881,,,50,42.32251519798797,66.66666666666666,39.0
Kota,Chilli,Kharif,18372.33815995804,50.68352108724434,9311.747885522173,2591.242070173165,191.57260944672294,95.95772471791432,,,,,75.73062781377381,70.4295716219794,63.53828951784648,67.67305878032623,91.5221731886193,,,50,71.59412625040213,66.66666666666666,1.0
Kota,Mustard,Kharif,12681.366996529174,34.359762926007555,4357.287635784389,2384.9080130746947,310.1454691446306,154.8290104522878,,,,,35.08003036006125,16.02073833388955,72.2726110232362,38.52148740962821,47.65161699667595,,,50,41.49606349525646,66.66666666666666,28.0
Udaipur,Cotton,Rabi,12085.029796376142,32.47576560533053,3924.705950005469,2499.17219893514,267.3479686992934,83.66972057610141,91569.22,46.875,2.0,,30.388364633930927,46.15139696923693,61.71520416315569,52.376919846804434,63.48618616322375,65.08482408843429,62.65664160401001,50,51.123790825993325,100.0,25.0
Hanumangarh,Fennel,Kharif,13119.848326230103,38.10736713430881,4999.628769140976,2513.331493876745,401.6855356183184,21.38991614804098,,,,,44.41258408835975,49.885103022363275,52.47518454439166,50.92113563117463,13.782874686845219,,,50,41.139739135135535,66.66666666666666,40.0
Ajmer,Mustard,Kharif,17859.37513612826,37.957202552431575,6778.919195018805,2559.9376341465254,337.6065445302241,93.49794357769974,,,,,44.03863343867467,62.1748129800832,63.17334896926622,62.57422737575641,37.491343778468924,,,50,48.86427386878705,66.66666666666666,26.0
Nagaur,Tomato,Rabi,17175.287360543993,48.81055821848118,8383.353636309765,2447.7009755664544,398.67573607729423,32.876150679443946,,56.666666666666664,4.0,,71.06644087398927,32.57879896587217,54.1793169415716,41.21900615615194,14.89646493192653,,3.759398496240607,50,42.49508357545971,83.33333333333334,40.0
Bhilwara,Mango,Rabi,13075.555214331143,51.65550933795918,6754.244644728833,2470.8879837233767,349.00917395365167,-75.6934263913202,,,,,78.15114291325466,38.693049221017844,38.07160704512268,38.44447235065978,33.27250570598872,,,50,52.95674140579191,66.66666666666666,24.0
Jaipur,Gram,Kharif,17401.228575683046,37.97175049507164,6607.551097835475,2570.7351489167622,394.21035954148107,228.37370378185764,46863.89,,,9.014809614544701,44.07486177250563,65.0220413500422,83.18392353395808,72.28679422360855,16.548601455678053,93.81821196798955,,50,55.03455144599806,83.33333333333334,6.0
Hanumangarh,Garlic,Rabi,18566.74011442393,48.88096445615971,9075.601635999108,2483.5412535473192,225.56342758154267,-81.03265486833611,,,,,71.24177155445088,42.02962708936052,37.27946300533724,40.12956145575121,78.94597235486266,,,50,60.23766804398983,66.66666666666666,9.0
Nagaur,Coriander,Kharif,16054.344622624749,52.30952904268185,8397.952062984124,2493.3520104450463,351.9994672351066,131.9883035446136,,,,,79.77982985414614,44.61665437891584,68.88389485960194,54.32355057119028,32.16613254632398,,,50,57.51278327963092,66.66666666666666,16.0
Hanumangarh,Bajra,Kharif,14920.43622225282,44.458956374751416,6633.47023097399,2344.058933480805,270.949323127899,-83.43510362909235,37245.85,,,,60.22976876202695,5.249124607827964,36.92302846148596,17.91868614929116,62.15372760373745,100.0,,50,56.071376178806204,83.33333333333334,13.0
Udaipur,Barley,Rabi,14510.799108168709,42.67334364354665,6192.243168853535,2419.3044090480366,274.43022999770966,-74.85176930889443,69371.63,,,,55.78310742169933,25.09082497175153,38.19647782828111,30.33308611436336,60.86583321694427,79.3518469123646,,50,53.93894010854871,83.33333333333334,18.0
